id;language;review_full;aspect_manuel;sentiment_manuel
fr_0133219;fr;"Arnaque

Je ne l’ai est jamais reçu je les ai contacter il m’ont dit d’ici 10 jours 2 fois je n’ai jamais reçu";Service;0
fr_0859022;fr;"Vérin abîmer et chaise rayer endommagés

Bonjour premièrement j'ai réceptionné la chaise aujourd'hui carton pas trop abîmé cella été déjà un bon point je déballe le colie je regarde les pièces je m'aperçois que un bout du vérin de la chaise est cassé déjà ça ma refroidit suite à sa j'ai commencer à la monté et a la fin du montage je m'assoie déçus le confort n'est pas à craché dessus mais j'entends des grincement et par dessus ça les roulettes en plastique qui ne roule pas sur le lino ce n'est pas top à voir la qualité dans le temps mes j'ai un peux peur";Qualité;0
fr_0018643;fr;"C’est bien

C’est très bien mon fils l’adore .";Qualité;2
fr_0168513;fr;"bien

produit conforme, livré 2j avant mais une planche fendue";Livraison;2
fr_0890499;fr;"Etagère d'angle

Pose facile et seule solution dans une salle de bain dont les murs ne permettent pas la pose d' étagères à ventouse. Elle est composée de suffisamment de compartiments pour accueillir tous mes produits sans prendre une place démesurée. Bref, un produit qui tient ses promesses.";Qualité;2
fr_0221647;fr;"Deception meme pour ce prix

Au bout de 10 minutes s'essaie, le bilan : _un son très présent en bluetooth (pas sifflement mais plutôt un souffle constant) ce qui le rend quasi inutilisable dans cette configuration. _son de l'enceinte bof bof mais disons raccord avec son prix (environ 20 euros), en tout cas pas à la hauteur des promesses du vendeur ;) _câble jack défectueux des le déballage (faux contact au niveau du connecteur notamment) alors quand en plus le bluetooth est po top ben c pas la joie _sinon le design est pas mal et conforme à la photo du site. Bref je renvoie, je préfère mettre 20 euros de plus et soulager mes oreilles";Prix;0
fr_0840815;fr;"Bien mais se détériore très vite

Alors parfait mais très petit et s'abîme assez vite. Après je pense que vu le prix c'est un peu normal du coup c'est un truc à Adopte selon moi mais qui t'a adopté ce genre d'accessoires ménager autant investir dans un truc un peu plus résistant";Prix;2
fr_0629553;fr;"Pas très bien protégé pour l envoie et donc la décoration était toute décoller

Décoration sur le thème de la mer pour un mariage";Livraison;0
fr_0166488;fr;"Bon produit

Bon produit mais le réglage peut s'avérer juste pour les plus grands gabarits";Qualité;1
fr_0466842;fr;"Déçu

Déçu du contenu de ce livre. Si vous avez du temps et l'envie de passer ce temps avec des post it sur la tête, foncez!";Qualité;0
fr_0790404;fr;"palet

très mauvais conditionnement, le couvercle de la boite n'a pas supporté le transport";Livraison;0
fr_0892954;fr;"livré en mauvais état

le produit est conforme à l'annonce mais à subit des dommages durant le transport, l'emballage de l'expéditeur était je pense suffisant mais les conditions de transports n'ont pas été optimum et le colis est arrivé endommagé. Je n'ai pas réceptionné cette commande moi même sinon quoi je l'aurai faite retourné... bref le poster est inutilisable...";Livraison;0
fr_0182453;fr;"pas de livraison

l'ouvrage devait arriver le 21 et je ne l'ai pas reçu... aucune info ou explication";Livraison;0
fr_0961794;fr;"Bien mais manque un élément...

Coffret bien sympatique mais il manque le double fond au chapeau... comment faut il fairr pour le recevoir ? Merci";Service;0
fr_0211925;fr;"pas pour chien ""poilu""

collier efficace sur certains chiens mais pas pour le mien, un spitz nain. Trop de poils empêche ce collier à ""contacter la peau"".";Qualité;1
fr_0127261;fr;"Très bon rapport qualité / prix

Très bonne carte micro SD";Qualité;2
fr_0618778;fr;"Couleur

Après lavage en respectant les recommandations ils ont rétréci de 10 cm, concernant la couleur blanc pâle gris ils son plutôt gris";Qualité;0
fr_0828111;fr;"oui mais bof

Fonctionne très bien mais ne s’insère pas complètement : moindre mouvement inopiné le déconnectera ( sur un bras de télé qui est manipulé souvent c'est pas garantie ).";Qualité;0
fr_0840614;fr;"Léger et pratique

Tient ses promesses : léger et pratique, il permet d'alléger sa valise. Incassable.";Qualité;0
fr_0915037;fr;"bon transfo pas assez emballé

emballage écrasé et déformation du boitier. Sinon, bonne qualité";Livraison;0
fr_0240895;fr;"Bon produit

Un goût correct la poudre est très fine par rapport à d autre marque un bon packaging par contre pas de cuillère doseuse . Un bon rapport qualité / prix je recommande ce produit";Prix;2
fr_0311184;fr;"Beaucoup trop de fautes d'orthographe et autres coquilles. Le livre n'a pas été relu. Dommage que la forme ne suive pas le fon

Livre intéressant sur le fond mais bâclé. Quel dommage qu'il n'ait pas été relu. Trop de fautes d'orthographe et même de français.";Qualité;0
fr_0946083;fr;"A rembourser

En moins d un mois l écran de protection à carrément fissuré sur plusieurs endroit des morceaux verres sont partis je sais pas où hors qu il n est jamais tombé j dis juste remboursé";Qualité;0
fr_0348527;fr;"La qualité de la poche en plastique est médiocre

Le sac dans son ensemble est plutôt agréable malheureusement la qualité de la poche en plastique est médiocre, après une utilisation et le dos mouillé, je me suis aperçu que la poche était percé. Déception pour ma part,";Qualité;0
fr_0555442;fr;"Macro pas chère

Un début dans la macro";Prix;2
fr_0137432;fr;"jeu intéressant

jeu assez compliqué au premier abord, plus pour des adultes que pour des enfants, intéressant il faut bien étudier les explications avant de démarrer le jeu.";Qualité;2
fr_0773888;fr;"bon produit

il fait le travail qu'on lui demande : démarrage rapide, les jeux charge plus vite et les transfère de fichier d'un SSD à un autre SSD son extrêmement rapide..";Qualité;2
fr_0323320;fr;"Ce n'est qu'un gadget qui ne sert à rien

Je me suis basé sur les avis pour acheter ce produit. Malheureusement ce n'est qu'un gadget en ABS de mauvaise qualité avec un filtre papier et un pseudo filtre à charbon. Complètement inefficace et inutile. Produit renvoyé";Qualité;0
fr_0036430;fr;"Bien

Tee shirt a la matière suffisamment agréable pour faire du sport. De plus il est relativement ample ce qui laisse de la liberté de mouvements. Et la couleur est sympa !";Qualité;2
fr_0801843;fr;"Ordinaire !

Peinture peu couvrante, faible tenue , manquant de fluidité, et le rendu est très moyen (couleur artificielle) Bof, bof ! Je ne recommande pas";Qualité;0
fr_0580542;fr;"Barrière arrivée tordue et deux trop grande

J’ai acheté cette extension de barrière pour protéger mon petit garçon des chutes. La barrière tordue à sa réception et deux fois trop grande pas du tout standard avec la barrière je ne suis pas satisfaite de cet achat.";Livraison;0
fr_0836641;fr;"ADAPTATEUR USB RECEPTEUR SANS FIL PC Gaming Receiver Pour Xbox 360 Manette

ne fonctionne pas avec windows 10 ne le reconnais pas,je suis déçu";Service;0
fr_0205298;fr;"TRES BON PRODUIT

Très bonne qualité, ces bonnettes s'adaptent bien à mes micros et atténuent bien les 'pop pop' et le vent. Seul petit bémol : le délai d'expédition est assez long.";Livraison;0
fr_0395345;fr;"Dommage

Arrivé avec bouchon cassé et à moitié vide! Je ne recommande pas!";Qualité;0
fr_0745253;fr;"Rempli bien son utilité

Jolie petite table toute mignonne a passé 2 mois dehors ne sais pas décoloré attention toutefois de ne pas poser de choses trop lourde dessus car se déforme un peu mais pour le prix ça vaut le coup";Prix;2
fr_0981232;fr;"S’adapte correctement

Nous verrons à l’experience Mais cela s’adapte correctement sur le verre de la’ montre.";Qualité;2
fr_0043052;fr;"Si vous avez des animaux, n'achetez pas cette machine!

Cet aspirateur est facile à utiliser mais n’est pas assez puissant pour tout autre nettoyage. Même une petite feuille ou un morceau de papier bloque le tube et il doit ensuite être nettoyé pour que le nettoyage prenne deux fois plus de temps. Si vous avez des animaux, n'achetez pas cette machine car elle ne peut pas ramasser les poils sans être complètement bloquée. Le clip d’ouverture du réservoir de poussière est déjà cassé. En général, j'en suis très déçu.";Qualité;0
fr_0669374;fr;"Satisfaisant

Correspond à la description, objet solide. Un bémol : les fixations ne sont pas fournies : à nous de trouver des vis qui soient assez discrètes et quelque chose d'assez solide pour soutenir le poids des vêtements.";Qualité;2
fr_0351061;fr;"gros problème

appareil garantie 3 ans seul problème comment joindre le vendeur ou simplement amazone et bin pas possible";Service;0
fr_0497676;fr;"Très bien au début mai depuis 15 jrs ne fonctionne plus !!!!!!!

Au début très satisfait mais depuis une quinzaine de jours des que la température extérieur est inférieure à 17 degrés, il ne s affiché plus !!!!! Malgré des piles neuves, etc., rien y fait !!! Donc en gros il aura fonctionné 1 mois et demi ou alors c est un appareil prévu pour les pays chauds..... Donc appareil tout simplement neuf et déjà inutilisable... Je pense qu il serait au minimum nécessaire de nous le changer par un produit fonctionnant !!!!!!!! Difficile de le recommander dans cette situation.........";Qualité;0
fr_0878470;fr;"Efficacité

Utilisation multiples et toujours satisfait... Résiste aux intempéries.";Qualité;2
fr_0810885;fr;"Livraison incomplète

Un seul flacon livré, alors qu'il s'agissait d'un lot de 2 flacons";Livraison;0
fr_0460407;fr;"Problème de transmission entre télécommande et voiture

Marche une fois sur deux je regrette mon achat car ma fille s énerve plus que elle ne s amuse";Qualité;0
fr_0078817;fr;"Très pratique et discret

Ce qu'il y a de bien avec ce format c'est sa discrétion et le confort. En plus on peut mettre facilement une petite boite dans son sac à main. Je les utilise depuis des années.";Qualité;2
fr_0360804;fr;"Un rendu affreux le soir

Je ne recommande pas ce produit. Le rendu en journée peut passer mais la nuit avec l éclairage le rendu est affreux. J ai dû acheter un autre produit dans un magasin de bricolage où un vendeur m a conseillé.";Qualité;0
fr_0529964;fr;"Ne pas acheter !

Le plexi se fend dès la moindre pression.";Qualité;0
fr_0665410;fr;"qualité

tapis très fagile, impossible à laver";Qualité;0
fr_0259092;fr;"N adhère pas à la chaise haute de ma fille

Ma fille d un an arrive à le décoller";Qualité;0
fr_0362218;fr;"Bien mais mon chien les enlève ...

Chaussons parfaits si ma chienne ne les enlevait pas ... il faudrai revoir le système d’attache avec peut être plutôt des clips ou un système de tissu élastique qui se rabattent sur les scratchs pour pas que le chien puisse les enlever ...";Qualité;0
fr_0209743;fr;"Il n'était pas précisé qu'il n'y avait pas de couvercle de protection. Ce qui est indispensable pour éviter de devoir laver

Pas de couvercle de protection'Un grave défaut qui condamne à laver à chaque fois les différents i gradients de la machine";Service;0
fr_0302556;fr;"Satisfait

J'étais plutôt septique lors de l'achat, au vu de la matière utilisé pour ce ce presse-purée, mais j'en suis finalement très satisfait.";Qualité;2
fr_0928309;fr;"decu de la qualite

Bonjour, la présentation du coffret est très bien . par contre a l'intérieur déçu les pièces ne sont pas découpées en totalité , donc l'assemblage plus long et difficile . j'espère que d'ici la fin de la construction , il n'y aura pas d'autres surprise";Qualité;0
fr_0583527;fr;"Luminosité un peu faible

Produit intéressant pour remplacer une ampoule halogène 80w E14. Mais la luminosité est inférieure. C'est décevant par rapport à l'équivalent 100w annoncé...";Qualité;0
fr_0515057;fr;"Nul

Ne colle pas du tout sur les bord. Le film ne tient pas sur l'écran au bout d'une heure j'ai tout jeté. Quelle honte de vendre ça 10€";Prix;0
fr_0824283;fr;"Câbles défaillants

Certaines des câbles dans le pack ne marchent pas et au bout de 5-7 mois d’utilisation le câble n’est pas pris en charge par les iPhones .";Qualité;0
fr_0744840;fr;"pelle fiable et efficace

conforme au descriptif";Qualité;2
fr_0129688;fr;"Arnaque

Produit inefficace, le produit est une pâte et les flacons sont arrivés vides tous les 2. Absoulement inutile et une arnaque totale. D ailleurs les commentaires positifs si t tous a la même date. Ce qui confirme qu ils sont faux. Amazon ne m avait pas habitué à de telle";Service;0
fr_0288449;fr;"Colis non livré

La commande ne m'a pas été livrée dans ma boîte aux lettres alors que sur le site Amazon, il est indiqué Livré !! C'est inadmissible et inacceptable.";Livraison;0
fr_0323602;fr;"Super

Ma fille de 5 ans passe ses journée à joué avec très ludique elle peut créer plein de puzzles différents idéal pour un cadeau";Qualité;2
fr_0463367;fr;"L'éclairage au plafond est tres bien

Réveil très bien pour ma fille de 8 ans et très girly!";Qualité;2
fr_0347196;fr;"Produit cassé

Produit conforme à la description cependant 2 ampoules cassées sur les 10. Le colis Amazon était en bon état, donc le problème vient en amont.... De plus la livraison était prévue initialement le 3 septembre mais j'ai été livré le 5.";Service;0
fr_0729686;fr;"Déçu, une des 2 lampes ne marche pas

Le détecteur de mouvement ne fonctionne pas sur une des 2 lampes... bref qualité produit approximative.";Qualité;0
fr_0212429;fr;"Aucun problème pour les piles, dommage pour l'erreur de livraison !

J'ai commandé des piles et j'ai reçu un livre de poche en espagnol... Le délai de livraison a été respecté mais dommage pour l'erreur ! Du coup j'ai du refaire une commande. Cette fois j'ai bien reçu ce qui était prévu. Les piles fonctionnent bien et elles périment en 2022.";Livraison;0
fr_0554447;fr;"Bien mais peu précis

Acheté à l'origine pour un TPE, il fait bien son boulot de rotation, mais est assez mal calibré, il tremble assez rapidement cependant c'est tout de même un objet très intéressant. Petit plus : j'ai trouvé sa boite très sympathique";Qualité;1
fr_0157956;fr;"Description fausse

Aucune explication en français. Contrairement à ce que il y a d annoncé non compatible avec lecteur empreinte. Retour direct.";Service;0
fr_0541852;fr;"Ne commandez pas !!!

Produit non reçu une première fois Le vendeur propose un autre envoi que j’accepte malgré le délai Toujours pas reçu À ce jour j’attend le remboursement ... Je déconseille fortement cet article";Service;0
fr_0098072;fr;"👍

Livré dans les temps. Figurine conforme a la commande. Bonne qualité . Je recommande . . . . . .";Livraison;2
fr_0385881;fr;"Transaction impeccable.

Il est encore un peu trop tôt pour évaluer le produit en lui-même, mais il me semble déjà commencer à faire de l'effet (moins de piqûres de moustiques depuis deux nuits). La livraison a été rapide, ponctuelle et le rapport qualité/prix me paraît très satisfaisant. Qui plus est, avec de la chance, nous n'aurons même plus besoin d'utiliser de l'anti-moustique dans la maison, c'est donc une économie supplémentaire en vue. Bref, le temps dira, mais en attendant tout semble parfait!";Prix;2
fr_0711218;fr;"Fonctionne correctement

Réparation d un petit trou dans une piscine tubulaire intex";Qualité;2
fr_0271363;fr;"Merveilleux

Un plaisir pour les oreilles";Qualité;2
fr_0953428;fr;"Produit ok

Le produit est conforme aux attentes mais la boite est arrivée cassée, les perles s étaient répandues dans le colis";Livraison;0
fr_0200662;fr;"Verre Trempé pour Samsung Galaxy S9 Plus

Très bien, bon rapport qualité-prix.";Prix;2
fr_0372843;fr;"Jamais recu

Je mets 1 etoile car il faut en mettre une mais je ne peux pas evaluer cet article car malheureusement je ne l'ai jamais recu. Je suis en attente du remboursement.";Livraison;0
fr_0296724;fr;"Cartoville toujours pratique

City trip de 7 jours à New York. Cartoville est incontournable super pratique par son mini format que l’on emporte dans son sac à chaque déplacement. J’apprecie énormément les différentes cartes par zone et les incontournables qui s’y rapportent, relativement complet même pour les petites astuces et restos du coin. Forcément il faut trier la liste des incontournables en fonction de ce qui nous correspond. En résumé, cartoville NYC est une très belle approche pour réussir votre séjour.";Qualité;2
fr_0552744;fr;"pas mal

produit impeccable irréprochable a conseiller pour d autre personne car sa marche nickel je regrette pas de l avoir acheter";Qualité;2
fr_0337921;fr;"Etiquettes de la taille que je souhaitais

Ce sont de petites étiquettes qui sont parfaites pour identifier les flacons de mélanges d'huiles essentielles (pour ma part) mais aussi tout autre produit ou pour le classement. Que dire, il y en a beaucoup pour un prix sympathique!";Prix;2
fr_0534620;fr;"Pratique mais pas top

il ne faut pas être trop regardant sur la finition du produit pour démonter une poulie sur son axe pas de problème à partir du moment ou vous avez assez de prise pour les ergots. Comme les ergots sont mal finis dès que la prise est un peu fine les ergots ripent et ne tiennent plus.";Qualité;1
fr_0735785;fr;"Pratique

Produit qui répond tout à fait à nos attentes. S'adapte facilement à notre mitigeur. Très pratique pour les enfants en bas âge.";Qualité;2
fr_0362787;fr;"Parfait

Utilisé pour ma box. Parfait. Livraison rapide.";Livraison;2
fr_0568018;fr;"Manette du mitigeur qui s'abîme

Robinet pour notre salle de bain. La manette a été changée une première fois car la partie métallique se dégradait. Et là ça recommence. Je ne recommande pas...";Qualité;0
fr_0759925;fr;"Parfait

Produit conforme à la photo. Livraison rapide. Il faut un adulte avec l enfant pour utiliser le coffret mais ça permet de faire une création commune. Le rendu est assez sympa, il faut prendre le coup de main";Qualité;2
fr_0469914;fr;"nE VA PAS SUR UN S7

Le verre trempé ne recouvre pas toute la surface du téléphone samsung s7 et en plus il ne colle pas sur les bords à ne pas acheter.";Qualité;0
fr_0187387;fr;"Damn

Parfait pour le beer pong";Qualité;1
fr_0414309;fr;"trousse docteur

trois étoiles par ce que bien que les petits objets de la trousse soient nombreux pour du plastique le tarif est trop élévé";Prix;0
fr_0672172;fr;"pas encore essayé

pas encore essayé , je ne peux donc avoir un avis que sur l'aspect et cela semble tout à fait correct.";Qualité;1
fr_0206719;fr;"Conforme

Conforme à la commande et livraison rapide.";Livraison;2
fr_0831344;fr;"Difficile d'ouvrir les pinces

Rien à dire sur le prix ou la livraison. Seul problème, la pince est très dure à ouvrir.";Qualité;0
fr_0617285;fr;"disque diamant

Article bien emballé . Reçu très rapidement. Très bonne qualité.";Livraison;2
fr_0075187;fr;"Une feuille qui sait se faire discrète

Voilà une protection assez épaisse mais qui ne nuit pas au contact tactile. Elle est un peu courte en hauteur, mais sans gêner la protection du verre. A voir si l'adhérence tiendra dans la durée.";Qualité;2
fr_0412679;fr;"Débit insuffisant pour le Rift S

J'ai acheté cette rallonge pour l'utiliser avec l'Oculus Rift S. Malheureusement, le débit est insuffisant et perturbe beaucoup trop le suivi des mouvements du casque (nombreuses saccades).";Qualité;0
fr_0229956;fr;"Son excellent mais absence de connectivité Bluetooth

Malgré un son étonnant pour un appareil de ce volume, l'absence de connectivité via Bluetooth est regrettable - pourtant annoncé sur le site Amazon France.";Service;0
fr_0427906;fr;"Très bon câble

Utilisé pour connecter mon écran oled à sa barre de son. Pour que le câble soit parfait, il aurait fallu que la tête coudée soit orientable. Câble de très bonne qualité et supportant le débit 4K sans aucun problème. Très bon achat";Qualité;2
fr_0283315;fr;"Chargeur induction

Bonjour, Je n'ai pas reçu de câble USB avec ce chargeur... Où en faire la demande ? Merci d'avance. Cordialement...";Service;0
fr_0664511;fr;"Comme papa et maman!

A fait grand plaisir à notre petite-fille de 4 ans.";Qualité;2
fr_0775111;fr;"la montre n'est pas en acier mais en plastique

Le bracelet est en métal, mais le boitier de montre est en plastique gris-beige recouvert de peinture métallisée. Avec le temps la peinture métallisée s'efface et ne reste que le plastique gris-beige. La fonction éclairage marche au début mais elle ne dure pas longtemps. Elle faiblit de plus en plus, puis ne marche plus du tout. Le bouton pour l'éclairage, qui est mauve au départ, devient lui aussi gris-beige, de même que les boutons sur les côtés pour régler l'heure. Malgré ces désagréments esthétiques, la montre continue d'afficher l'heure correctement. Voici une photo avant et après :";Qualité;0
fr_0301448;fr;"Trop gadgets

Silicone trop souple, du coup ne fait pas l’effet prévu";Qualité;0
fr_0547545;fr;"Decue

Remontoir cassé au bout de 2 jours. Retard livraison de 2 semaines car colis perdu. Par contre efficacité du sav.";Livraison;0
fr_0441143;fr;"Erreur

Je n'ai pas reçu le bon modele";Service;0
fr_0993607;fr;"Semoir

Beau produit conforme à nos attentes";Qualité;2
fr_0807606;fr;"Satisfaisant

Bon rapport qualité/prix, reste à voir combien de temps elles tiennent.";Prix;2
fr_0613856;fr;"Dérouleur

Dérouleur vraiment très sympa, facile à accrocher; article conforme à ce que j'attendais";Qualité;2
fr_0005701;fr;"Moyen..

Couleur plus clair au final que sur la photo. Renvoyée.";Qualité;1
fr_0662210;fr;"Excellent plus pour nintendo Switch Lite

Ce kit est réellement complet pour permettre la protection au maxi de la Nintendo Switch Lite.";Qualité;2
fr_0832872;fr;"Génial !

Super produit. Parfait pour les cochons d'Inde, lapins et furets . Solide, facile à monter, nombreuses possibilités . Remplace avantageusement une cage pour un prix équivalent.";Qualité;2
fr_0777340;fr;"Bon produit

Très bonne petite ""cave"" à vin. Elle fait bien son travail et est très esthétique. Elle prend peu de place. Je ne sais pas si elle a un moteur car elle est d'un silence absolu.";Qualité;2
fr_0472748;fr;"Bonne coque

vraiment de bonne facture. content de l'achat !";Qualité;2
fr_0575268;fr;"basique

J'ai aimé les informations reçues. Cependant j'ai déjà eu l'occasion de lire des documents beaucoup plus complets. Pour le prix c'est satisfaisant.";Prix;2
fr_0802108;fr;"A fait la joie d’une enfant de 10 ans

Je l’ai offert à ma petite fille de 10 ans qui l’a beaucoup aimé.";Qualité;2
fr_0986897;fr;"Un véritable confort..

Utilisé au festival de Jazz à Vienne.. un vrai confort surtout pour le dos qui a un appui.. Bon produit Assise peut être un peu mince..";Qualité;2
fr_0488549;fr;"Produit nul

Ce produit est nul Acheté avec une passerelle, je n'ai jamais réussi à le faire fonctionner plus de 2 ou 3 jours. Les pertes de connections entre les capteurs et la passerelle sont fréquentes. La passerelle est inutilisable après un hard reboot car la mise à jour est impossible Le service client est injoignable et aucune réponse aux mails envoyés ...";Qualité;0
fr_0096179;fr;"vendeur bidon

article jamais reçu!!!!!! mais payer!!!! je suis obliger de mettre 1 étoile sinon mon commentaire.nest pas pris en compte!!! MAIS 0 0 0 !!! VENDEUR BIDON";Service;0
fr_0169580;fr;"Bon rapport qualité/ prix

Doux au toucher, mes filles l'adorent, tres bon rapport qualité prix, avec les princesses Disney. Il remplit bien sa fonction";Prix;2
fr_0982168;fr;"Peu efficace

Pas assez puissant, l'effet est surtout psychologique. D'ailleurs, quand il tourne, il se fait bruyamment remarquer ! Achat très moyen.";Qualité;1
fr_0511874;fr;"piano

bon piano, plusieurs chutes et toujours en vie, le son est de bonne qualité pour le prix. Il ne casse pas trop les oreilles des parents, réglage du volume, son d'animaux, petite fonction enregistrement... 5 étoiles car il correspond à ce que j'attendais en qualité prix.";Prix;2
fr_0762078;fr;"Bof

Pas efficaces contres les fouines";Qualité;0
fr_0015422;fr;"très bon produit

housse qui s'adapte parfaitement à la planche avec une très haute qualité pour un repassage facile - article à choisir sans risque";Qualité;2
fr_0747859;fr;"Un peu fragile

Bien mais un fragile Dommage qu’il y a des trous dessus Mais sinon très bien";Qualité;1
fr_0156589;fr;"Erreur de produit

Bonjour suite à une erreur de commande comment puis je faire pour faire un échange, je voulais un kit xenon H7 et pas H1. Merci Bien a vous";Service;0
fr_0909488;fr;"super

super pour notre voiture 208";Qualité;2
fr_0568980;fr;"La qualité est au rendez-vous

Peluche de très bonne qualité. Couture et finition impeccable.";Qualité;2
fr_0973527;fr;"Le chargeur ne marche plus après un mois

Reçu il y a un mois , le chargeur ne fonctionne plus. Très séduite au début grâce à un câble long donc pratique Mais plus d utilité";Qualité;0
fr_0494029;fr;"Vérité sérieux rapide

Il est moyennement bon";Qualité;1
fr_0489096;fr;"Colis pas livré

Je n’ai pas reçu ce colis qui n’a jamais été livré contrairement à ce que le livreur déclare";Livraison;0
fr_0129391;fr;"Très bon produit mais bagues fragiles

Excellent produit, simple à poser (j’avais des têtes Danfoss). Simple d’utilisation. Juste les bagues en plastique sont fragiles j’en ai cassé une, donc attention lors de la manipulation.";Qualité;1
fr_0424549;fr;"Correct

L’esthetisme n’etait pas le critère, ça fait un peu canapé de grand parents mais le tissu est doux, facile à nettoyer les poils de chat si on s’en laisse pas envahir. Mis sur deux canapés de 3 places en cuir Sky qui étaient défoncés et c’est quand même pas même plus propre.";Qualité;1
fr_0507937;fr;"ne correspond pas à l'image

j'ai commandé cet arcticle or j'ai recu des invitations emoji mais le dessins n'est pas du tout le meme! decue!";Service;0
fr_0009274;fr;"Où est ma commande passée il y’a 1mois

J’attend toujours ma commande !!!!";Service;0
fr_0813707;fr;"Bof

piles livrés avec l'emballage d'origine ouvert! Cela met le doute sur les piles … !!!!";Service;0
fr_0900290;fr;"Pas le meilleur de la collection

J’ai joué à de nombreux exit et c’est la première fois que je suis déçue. Énigmes tirées par les cheveux, impossible de le donner à quelqu’un d’autre après, contrairement à la plupart des autres boites car on doit vraiment détruire une partie.";Qualité;0
fr_0744443;fr;"citronnier 4 saisons

produits conforme cependant et ce malgré un très bon emballage de protection le citronnier a énormément été secouer pendant son transport ceux qui a eut pour consequence plusieurs branche casse . en espérant que le citronnier reprenne vite de la vigueur";Livraison;0
fr_0136382;fr;"très bien

je connaissais le produit, tout est parfaitement conforme, livraison avec un jour de retard, imputable à la poste? Je recommande.";Livraison;0
fr_0333330;fr;"beau produits mais cassé à son déballage

article cassé à son déballage: en attente du retour du vendeur pour recevoir un nouveau produit";Livraison;0
fr_0669468;fr;"Après quelques mois d'utilisation l'article s'est complètement déformé

J'ai acheté le presse citrons en Juillet dernier et j'ai remarqué qu'après quelques mois d'utilisation il s'était complètement déformé et n'était plus du tout rond (je ne suis pas le seul à être dans ce cas apparemment). Je sais toujours insérer des citrons mais je dois un peu jouer pour les faire rentrer et pour presser je dois le faire en plusieurs fois, le presse citrons ne fermant plus (voir 2eme photo). Je n'ai jamais mis l'article au lave vaisselle de peur qu'il s'abime du coup je ne comprends pas d'où peut venir cette déformation. L'article étant réputé comme de QUALITÉ PREMIUM et comme un INVESTISSEMENT POUR LA VIE selon le vendeur je suis un peu surpris. Je sais encore l'utiliser mais s'il continue à se déformer ca va devenir compliqué. Un peu déçu par le produit en fin de compte.";Qualité;0
fr_0655173;fr;"Asséchante

Sur la peau au lieu de matifier, elle assèche";Qualité;0
fr_0743998;fr;"Très satisfaite

Correspond parfaitement à la description.";Service;2
fr_0437915;fr;"Belles imitations

Bonne qualité, par contre ils ne sont pas plastifiés";Service;0
fr_0738019;fr;"Résolution d'image désastreuse

Soit disant c'est l'original c'est pas possible l'image est pourrie vraiment dessus payer pour ça une honte";Qualité;0
fr_0553443;fr;"Décu

Ne fonctionne plus apres plusieurs semaines d’utilisation C’est fatigant ces cables qui durent jamais Du mal a croire que ce soir du MFI";Qualité;0
fr_0595855;fr;"SDS non conforme

SDS carré ne rentre pas dans le mandrin un gros O ne pas acheter";Qualité;0
fr_0882659;fr;"Magnifique

Excellent livre Détente assurée";Qualité;2
fr_0417731;fr;"Qualité de fabrication correcte

Qualité de fabrication correcte, un peu grande pour barbecue Weber série Q. Article d'un bon rapport qualité / prix";Qualité;1
fr_0394161;fr;"Moyen

Ce tunnel et tente est bien mais pas adapté pour des grands chats Trop léger et toile fine qui résiste mal aux griffes Heureusement ce n’est pas trop cher!";Prix;2
fr_0957954;fr;"Cartouche hs

Cartouche ouverte au déballage, bille de charbon dans l'eau bref nul";Service;0
fr_0977113;fr;"Très pratique

Pour stocker des costumes, ça a été une très bonne solution - facilement nettoyable à l'éponge, ils a très bien remplis sa mission principale sans aucun soucis. Pour le stockage dans une grange de gros vêtements c'est parfait .Belle qualité et bel esthétique. Je suis très satisfait de la qualité générale de construction. Une petite déception pour la fermeture, il ne faut pas trop charger le sac car sinon ça force sur la fermeture et risque de casser. C'est bien pratique pour transporter facilement ses affaires et ses habits !";Qualité;2
fr_0915573;fr;"Je suis déçu...

Les produits coule dans leurs emballage en étant bien fermé ... Déçu";Qualité;0
fr_0466639;fr;"Défectueux

Banc reçu défectueux (mauvais soudage d'un pied rendant le banc instable). L'assise ne m'a pas paru très agréable non plus. Banc renvoyé. Merci à Amazon pour le remboursement très rapide.";Qualité;0
fr_0855182;fr;"Moyen

Certaines résistances n'ont pas résisté, voir même cramé direct !! Delai de livraison correct ...Conforme a la description ce qui n'est pas toujours le cas";Qualité;1
fr_0711243;fr;"Sa performance

Très bon produit bonne qualité je le recommande";Qualité;2
fr_0841705;fr;"Bien

Bon produit mais le manche est un peu court";Qualité;1
fr_0669220;fr;"Produit correct livraison nulle

A priori la serviette est correcte et reçue dans les temps cependant le livreur Amazon à a jeté le paquet au-dessus du portail alors qu'il y avait personne et la laissé là sous la pluie comment qualifiée une telle attitude ?";Livraison;0
fr_0973237;fr;"Bof

Ne correspond pas à la taille";Service;0
fr_0754319;fr;"Médiocre par rapport à d'autres

La plupart des protections pour écrans sont fournies avec des petits guides autocollants qui permettent de bien positionner la protection, pas celle-ci. Premier essai : la protection glisse un peu au moment de la poser, elle part de travers, obligée de l'enlever. Une fois enlevée, plus possible de la remettre. Deuxième essai avec la 2e protection fournie : au moment d'enlever le film autocollant, plein de poussières viennent s'accrocher à la partie qui colle, rendant la protection inutilisable. Tout à jeter.";Qualité;0
fr_0377187;fr;"Le micro fonctionne très mal voire pas

j'ai acheté ces oreillette pour pouvoir téléphoner depuis mon iphone et/ou depuis mon ordi portable. Tous mes interlocuteurs m'ont dit qu'ils ne m'entendaient pas. Le son est relativement correct à l'écoute. Je déconseille fortement ce produit si c'est pour utiliser le micro...";Qualité;0
fr_0513312;fr;"Parfait!

super produit;j'ai hésité entre steam pod et fer à IR, mais il n'y a pas de difference entre les 2 lisseurs( mais plus économique!).Celui-çi rend les cheveux lisses et doux, on a l'impression de sortir de chez le coiffeur. J'ai reçu ma commande avant le délai de livraison, je recommande fortement ce fournisseur.";Qualité;2
fr_0762848;fr;"Plastique souple pour un démoulage plus aisé.

Produits corrects. Accessoires pratiques. Pressée de tester les moules sphères !";Qualité;2
fr_0288016;fr;"Abattant WC

Le système pour ralentir la retombée fonctionne bien. Par contre le système de fixation est médiocre et bouge sans arrêt";Qualité;1
fr_0685307;fr;"Tour de son

Facile a utiliser et a installer. Seul petit hic c'est la recherche des stations radio et la mémorisation.. Très bon son. Ravie de mon achat.";Qualité;2
fr_0286333;fr;"Top

Bien reçu et conforme";Service;2
fr_0021252;fr;"Ne pas acheter

Nul fragile au montage la partie a visser se décolle si on serre l écrou. Il faut impérativement des résistances pour le fonctionnement...ou changer la centrale.. Alors qu'ils disent que non.";Qualité;0
fr_0568249;fr;"Beau mais fragile

Très fragile, se casse tout seul dans les angles. Obligé de changer après 2mois d'utilisation....";Qualité;0
fr_0982385;fr;"Tombée en panne après un mois!!

Horrible. Au début on a vraiment apprécié la qualité de ce produit. Mais après un mois d'utilisation, elle est tombée en panne et ne marche plus. Aucun moyen de les contacter pour faire un retour.";Service;0
fr_0842709;fr;"PARFAIT

correspond à la description. suffisamment stable en mode trépied robuste et efficace attention lorsque vous rangez la télécommande, vous pourriez la rallumer sans vous en apercevoir";Qualité;2
fr_0409543;fr;"Dommage mais de mauvaise qualité.

Devenant. La lentille du microscope n’est pas de bonne qualité. La boîte est bien faite, avec des lames pré remplies, un book bien fait pour que les enfants puissent tenter leurs experiences. Le microscope semble solide. Mais à chaque fois qu’on tente de regarder une lame, une grosse tache apparaît. J’ai renvoyé le premier exemplaire puis le second et Hani renonce : à chaque fois le même défaut qui rend le microscope inutilisable.";Qualité;0
fr_0207248;fr;"conforme

conforme très difficile de le trouver dans les commerces qui vous vendent le cocottes";Qualité;1
fr_0874036;fr;"Ne tient pas au mur

Rendu lamentable ne tient pas au mur j'ai tt retiré ça faisait limite minable";Qualité;0
fr_0211752;fr;"Ires beau mais un peu chère

je croyais qu'il y en avait 3 pour le prix quant j'ai commandé mais c'est en 120 qui en a 3. Seulement 2 en 140";Prix;0
fr_0182435;fr;"Déçue par la qualité du tissus.

Tissus très fin et transparent. Ne peut pas être repassé ni lavé à la main.";Qualité;0
fr_0535115;fr;"Pas terrible mais ca depanne

Tapis trop fin et leger, pas assez anti-adherent, resultat il ne reste pas en place sur le carrelage. Bon il est quand même joli et pas cher. Par contre comme il est livré plié en 2, il conserve sa forme meme une semaine après la pliure ne se defait pas.";Qualité;1
fr_0321423;fr;"Produit pourrie

Produit totalement pourri tres chere pour ce que c'est en plus bref Jai la haine ne perdez pas votre temps pour passer votre chemin";Prix;0
fr_0104872;fr;"Un peut déçus

je realise des savon en saponification a froid mais les colorant ne tienne pas je suis pas happy...";Qualité;0
fr_0772600;fr;"Robe déguisement

Ma fille a vraiment aimé cette jolie robe de princesse. La taille est bien, elle correspond bien à son âge. Par contre, elle s'abîme rapidement... la robe est déjà un peu déchirée au niveau du bas.";Qualité;2
fr_0466578;fr;".....

Article non reçu a ce jour........... Pourtant le suivi dit que je l ai reçu le 8 aout";Livraison;0
fr_0132181;fr;"Recommander

Bon produit mais ne coupe pas aussi bien que c’est dit dans la description. À acheter pour couper quelques aliments pas secs";Service;0
fr_0487366;fr;"Neuf?!??

Achat neuf, produit reçu dans un emballage découpé au cutter et agrafé. Le joint est poussiéreux et vieux. La date de fabrication est moulée dans le joint et on peut lire juillet 2017! Le joint a 1an et demi?!? Je ne suis pas spécialiste en matériaux mais le caoutchouc n'a sûrement pas l’élasticité d'origine. Reste à tester la bête si c'est étanche...Je n'ai pas contacté le vendeur car il sait ce qu'il fait en envoyant un matos ""neuf"" dans un emballage déjà ouvert. Pas confiance. L'envoi est rapide malgré tout.";Service;0
fr_0874623;fr;"Ne fonctionne absolument pas

J'ai fai tout comme indiqué. Aucun résultat.";Qualité;0
fr_0907407;fr;"Attention au câble de téléphone

Produits bien fini, mais la conception de l’emplacement de l’ouverture du câble de rechargement du téléphone laisse à désirer, le connecteur but conte la structure et porte le poids du téléphone en appli";Qualité;0
fr_0692972;fr;"Superbe peluche

Adorable petit peluche j'ai également acheté celui qui chante en appuyant sur le ventre superbe collection.";Qualité;2
fr_0097685;fr;"Joli set de bonne qualité

Couverts bien finis, bien brillants, petite gravure sympa, résistants au lave-vaisselle, pas trop lourds ni trop grands, adaptés pour un enfant à partir de 3 ans (sauf le couteau).";Qualité;2
fr_0852236;fr;"un peu fragile

eclairage satisfaisant mais l'ensemble un peu léger et fragile";Qualité;1
fr_0394131;fr;"Cable sensible

Même pas un mois et il marche plus";Qualité;0
fr_0197888;fr;"Superbe

Superbe souris j'ai tester plusieurs souris de se genre mes celle la est vraiment bien pas cher rapide en livraison livrer dans une genre de petite caisse ca fait penser au caisse opening dans les jeux vidéo et franchement niveau couleur au top j'ai tester le Dpi c'est bien ce qui est dit il y'a un niveau de précision sur le coter a gauche pas mal pour certain jeux ou certaine tache qui demande de la pression comme pourquoi pas de la découpe sur Photoshop dommage qu'on ne peut pas changer la couleur de la souris ou peut être que je ne sais pas le faire . Et il y'a un truc pas top top c'est que la notice est que en japonais ou chinois . Sinon niveau suivant précédent pour passer d'une page a l'autre oué c'est pas mal très réactif les boutons clique son très bien même mieux que sur les autres souris que j'ai tester au paravent donc oui je la conseille pour une utilisation normal . Et pour des jeux qui ne sont pas trop compliquer ou sa demande pas beaucoup de raccourcie clavier dommage qu'il na pas le bouton double clique quoi que sur l'autre souris que j'avait je ne m'en servait pas";Qualité;2
fr_0771275;fr;"Belle découverte !

Un livre acheté un peu par hasard et une vraie belle découverte. C'est très bien écrit. Les personnages sont attachants (j'ai presqu'envie qu'une suite nous soit un jour proposée...). Une lecture qui a enchanté mes transports que je recommande chaleureusement.";Qualité;2
fr_0795301;fr;"Petit tampon pour petit tableau

Je cherchais un effaceur magnétique qui ne prend pas trop de place sur mon petit tableau. Celui la est parfait.";Qualité;2
fr_0093346;fr;"Parfait pour ma plancha

Excellent rapport qualité / prix pour ce tuyau à vie - Raccordement de la bouteille de gaz à la rampe des bruleurs de ma plancha - passage par orifice réservé au tuyau dans le meuble . Je peux le conseiller.";Prix;2
fr_0113540;fr;"colis trouvé avec 24 heure d avance un peut par hasard

livraison prévu le mercredi dans la journée. colis retrouvé la veille dans le jardin emballage ayant beaucoup souffert durant le transfert. heureusement le sur-emballage a bien remplie sont rôle de protection. un largage par hélicoptère aurai pus être plus délicat.";Livraison;0
fr_0250930;fr;"Bof

Beaucoup de dessins, très peu de lecture... Le cadeau a fait son effet (une petite fan ravie), mais une fois lu donc à peine quelques minutes plus tard, il était rangé sur l'étagère. Bref c'est très cher pour ce que c'est et malgré la demande de ma fille, je ne pense pas commander les autres tomes sortis ensuite...";Qualité;0
fr_0719458;fr;"Déçu par la taille

J’ai commandé ce produit en pensant qu’elle était de taille moyenne, au vu des photos. Pas du tout. C’est des toute petite et connaissant ces pinces, beaucoup trop fragiles. Bien pour des accrocher des photos sur un fil fin.";Qualité;0
fr_0021188;fr;"Pratique et de bonne qualité.

Coque de bonne qualité. Emplacement intérieur prévu pour la plaque magnétique, pour poser le téléphone dans la voiture. Je l'avais pour mon note 8, donc racheté pour le note 10. C'est impeccable.";Qualité;2
fr_0293795;fr;"Très joli

J'ai acheté cet attrape-rêves pour offrir et la personne qui l'a reçue (une jeune fille de 14 ans) a été ravie. Il est étonnement grand, plus que ce dont il avait l'air sur la photo. Les couleurs sont très belles et il est du plus bel effet sur un mur. Côté livraison, aucun souci.";Qualité;2
fr_0031728;fr;"Très utile

Utilisé pour le barbecue. Parfait pour éviter les brûlures. Belle qualité";Qualité;2
fr_0442012;fr;"Bon album

Des titres agréables à écouter surtout le tube Wonderfull life mais aussi d'autres titres peu connus.";Qualité;2
fr_0362791;fr;"bon produit, pose facile.

les verres sont livrées avec tout le nécessaire pour nettoyer la vitre. pose facile, sans bulles. le portable repond bien au toucher. je verrais la solidité du verre a l'utilisation. je n'ai pas mis 5 Etoiles car le verre pourrait être plus large de façon a couvrir tous l'écran (il manque environ 2mm de chaque coté) mais sinon bon produit";Qualité;2
fr_0257706;fr;"Pochette plastique

Pas hyper grande qualité mais pratique et les fermetures ont l’air de bien tenir";Qualité;1
fr_0342501;fr;"La taille. Pas bonne je commande un XL je reçois un M

C’était un cadeau pour un collaborateur à surprise quand il m’annonce que c’est un (M) au lieu de XL que j’ai commandé Sans commentaire plus jamais chez vous merci";Service;0
fr_0212030;fr;"Simple mais efficace

En déballant le colis, j'ai pensé un instant que cet achat n'en valait pas la peine, mais je dois reconnaître que ces gratte-dos sont bien faits pour l'usage auxquels ils sont destinés. Juste prévoir un petit morceau de papier de verre ou une petite lime pour ébavurer à quelques endroits.";Qualité;2
fr_0204339;fr;"Rien recu

Bonjour ce colis est noter comme reçu alors que je n’ai rien reçu à ce jours , il y avais deux colis à être livrer le même jours et les deux sont noter comme livrer alors que je n’ai rien reçu ...";Livraison;0
fr_0146752;fr;"Un bon suivi

Malgré un premier envoi ou le bac était cassé le suivi de remplacement a été impeccable. Bon vendeur que je recommande";Service;2
fr_0047203;fr;"Moyen

Super mais pas longtemps les billes se barrent et alors efficacité des semelles ne correspond plus au descriptif";Service;0
fr_0378406;fr;"Des fonctions utiles, mais l'essentiel est raté

Embout de gonflage trop etroit, donc risque de fausser le pas de vis de la valve du pneu, et perte systématique de 0.2 bars au devissage.";Qualité;1
fr_0749613;fr;"Boîtes défoncées

Bon qualité prix mais emballage les boîtes défoncées";Livraison;0
en_0342052;en;"Buy somewhere else

Junk. Junk. Junk. Split in half in less than a month, making it useless. Cutout is too small to properly fit a boot heel in. Wish I could give negative stars.";Qualité;0
en_0778791;en;"Good for the price but not great.

They were okay, and will work but the pockets aren't as deep as I'd like and the straps could be designed better. It was good for the price but I'd like them to be more adjustable and the straps to be less obvious. It looks cheaply made- but they were cheap so I wasn't expecting much.";Prix;2
en_0281951;en;"DOES NOT FIT 2015 HONDA CRV

This product was about 4-5 inches too short to fit in my 2015 Honda CRV. Disappointed. Will be returning.";Qualité;0
en_0379166;en;"Smaller than thought, super pretty and durable

really pretty bag, definitely reusable. Was looking for a big gift bag and thought this would turn out a bit bigger than it did. Using it anyways";Qualité;1
en_0896211;en;"Beautiful band but doesn’t hold up

This was a beautiful band but after only a month of wear the clips on the band became very loose and would fall off. Was sad that it didn’t last long.";Qualité;1
en_0437705;en;"Serviceable and sturdy towel holder.

Heavy enough to stay in place and easy enough to slip on the new towel. No excuses now accepted for leaving an empty towel holder!";Qualité;1
en_0982143;en;"Incorrect items

Unfortunately these were the wrong ones so I can’t use them. No fault of the vendor though.";Qualité;0
en_0835134;en;"Nice....

This wireless charger looks really fancy and it is so easy to use. Love the circle light and it does save me from the wire trouble! It really works well with my phone.";Qualité;2
en_0939334;en;"It looks like the picture

It was nice when you first get it and when it got dirty it was hard to clean because it would stripe and it seemed like you had to clean both side constantly. I gave it one star because it looks like the picture.";Qualité;1
en_0508838;en;"He totally enjoyed playing with this and it will last through more babies!

Bought this for two yr old. Great as teaching tool plus kids want to be hands on";Qualité;2
en_0175898;en;"Five Stars

We love it so far! Very quiet and cleans up great! Would recommend.";Qualité;2
en_0525886;en;"Order it VERY EARLY

Was a bit dissapointed as i wanted 2 make cookies 4 xmas but it took nearly 3 weeks 2 arrive! Got it 3-4 days before. Not much time 2 make with other holiday preps";Livraison;1
en_0233445;en;"Five Stars

Love them! received on time and are perfect for what I needed them. Juicing!!";Qualité;2
en_0577327;en;"NOT COMPLETELY HEAT RESISTANT!!

I purchased these trivets for their advertised versatility. It is listed as being able to use a trivet for hot items AS WELL AS a substitute oven mitt for ovens. As a trivet...no issues. But that's not really that difficult to pull off either. A dishtowel could do the same thing. But I like that the design and the perceived functionality. As a means to use in a HOT oven, NOPE. NO. NADA. I managed to burn my fingers right through one. The mat itself did not burn because of the silicone but it DID NOT protect my hands from the heat.";Qualité;1
en_0879673;en;"Mounting screws missing

Was missing two screws for mounting";Qualité;0
en_0759782;en;"Five Stars

My daughter loves this!....and it keeps her room clean <3";Qualité;2
en_0745941;en;"Super thin fabric.

Fabric is paper thin. Bought for a bed spread/ blanket. And it most definitely is not! This is a thin tapestry. Terrible odor that a washing machine doesn’t get rid of. Colors are bold. Design is pretty.";Qualité;0
en_0310159;en;"One Star

Like the bulbs bought two one came broke in the package not sure how to get replace ?";Qualité;0
en_0929581;en;"Great Stand For a Work Light

Add Two 50 Watt Glorious-Lite led lights and your all set. Much more economical than purchase a ready made work light. Easy to set up and adjust. Nice height when fully extended, as well. The only issue I had, was that some of screw holes, where you attach the lights, were not threaded properly or perhaps over painted. There were other screw holes to use so it didn't matter to me. In my opinion, I would not call it a heavy duty stand, more medium to light duty . I've used it on several construction projects and it has been a great addition to my tool arsenal.";Service;2
en_0519027;en;"Nice pet dish

This was exactly what we were looking for and not as expensive as others";Prix;1
en_0644700;en;"Comfortable

The best sports bra I’ve had. Great if you have a large bust size. Comfortable and supportive.";Qualité;2
en_0545530;en;"Its nice and useful for these old eyes

I love the size. Only problem is the cover for the battery doesnt stay closed";Qualité;2
en_0394457;en;"Does what it’s intended to do

I bought this for my husband and the only complaint he has is the watch seems to lose some of its touch sensitivity.";Qualité;0
en_0549248;en;"Five Stars

Perfect fit for my application to replace a button that was sticking.";Qualité;2
en_0395224;en;"I have a sneaky suspicion that this item had already ...

I have a sneaky suspicion that this item had already been returned: no cd-rom, no allen wrench, camera wrapped in zip lock baggie.On top of that, the camera refused to save settings, and seemed to have a mind of it's own. Sometimes it would aim left when I moved the joystick right, most of time it would not recognize movement or sound. Camera is quite heavy, seems well made- only problem is: it just doesn't do what it is supposed to do! Returned it to Amazon as this particular item must be defective, unless the 5 star reviews are all made up?";Qualité;2
en_0195082;en;"Short life

Loved this charger at first - so much that I bought another one for my kids and one for a relative. They charged quickly but within a few months, they no longer work. So disappointed.";Qualité;1
en_0122870;en;"Loose legs

Unlike the full-rise briefs I bought from another seller, the LEG OPENINGS on these briefs are VERY LOOSE. I have very large thighs, so loose leg openings are remarkable. The waist fits fine and the height is fine. I have not worn them enough to know if there is any other problem.";Qualité;2
en_0234590;en;"hilarious party item

Fun party item. Set your bathroom decor up with this and wait for comments.";Livraison;2
en_0001203;en;"Read something else

I love all her other books, but the author sold out to ""the flavor of the month"" and it cheapened, and basically ruined the book. It also could have used some editing. Not well done.";Qualité;2
en_0984029;en;"Awesome seller.

Awesome product as advertised on Amazon. Recommend seller. A+++++++ seller.";Qualité;2
en_0768914;en;"Strengthening my hands!

These putties are very fun and helpful for my thumb issues on both hands. I ordered two sets so I have them handy around the house. I play them from softest to hardest while I watch TV at night. Very addictive and therapeutic!";Qualité;2
en_0814251;en;"Ease of connecting and setup

Print quality is excellent! Does print slow but well worth the money";Prix;2
en_0400844;en;"short for my needs

Light works okay....but is too short for my needs....takes 'special' bulb.";Qualité;2
en_0373497;en;"Don't use Amazon for home services

Find a local yourself instead of going through Amazon for such services";Qualité;1
en_0470561;en;"Great Oral Breath Freshener for Bad Breath & Dry Mouth

I really like the Oral Breath Freshener Spray. It’s really handy on the go for bad breath or for dry mouth. You can also use it several times a day. Chewing gum can give me a headache so this has replaced it for me. I feel better out in public after using this spray knowing that it really does work. Will be purchasing more when this one runs out! Highly recommend!";Qualité;1
en_0639713;en;"It was a little to wide for his mouth

Baby did not like it";Qualité;0
en_0889943;en;"Bad quality

Pump keeps shutting off requiring full unplug and replug. Also water flow is less than a trickle";Qualité;0
en_0491619;en;"Parts missing

One of the clothes clips was missing, probably due to the cheap plastic packaging and the rip in the bag. It may work fine with the remaining clips but a little quality control prior to shipping would have prevented this two star review.";Prix;1
en_0673119;en;"Two Stars

Didn't notice much of a difference in appetite.";Qualité;2
en_0429680;en;"Don’t fit correct

They are not really as dark as they show in the image, and do not for correctly";Qualité;2
en_0934612;en;"Ok

It will keep your head warm but breathing through the mask is extremely difficult.";Qualité;2
en_0548687;en;"Overdue refund!

I returned this product December 7th and have UPS confirmation of return delivery. I have yet to receive my refund!";Livraison;1
en_0522612;en;"My German Shepherd loves her new collar.

My German Shepherd loves her new collar. Now she can show the other dogs in the neighborhood that she has style";Qualité;1
en_0444772;en;"the balls don't bounce very well

i bought these as our three grandsons love playing ball. they particularly like bouncing them down the stairs. of the 12 balls that we received,three bounced okay, and five were not great but mildly ok. four just made kind of a dull thud and bounced maybe 10 inches. very disappointing";Qualité;1
en_0683922;en;"Good product especially for the price

These are one of the better gloves in my opinion. They are decently warm until we get to very low temperatures. The touchscreen feature works really well. My one issue with this product is that it can get snagged on things pretty easily and start to unravel.";Prix;2
en_0853620;en;"Five Stars

Great product. Full of flavor! Highly recommend.";Qualité;2
en_0423776;en;"Cute, comfy & cozy!

So darn adorable! Extremely comfy and warm. I usually wear an 8-8.5 and I ordered the 9-10 size. Fit perfectly! Just do yourself a favor and order these.";Qualité;2
en_0007260;en;"Very BAD

Dont waste your money , there plastic. I could buy them in dollar tree.";Prix;0
en_0011383;en;"Almost no control of temperature

Unacceptable temperature control. Looks great. Was nice visual upgrade to the 1994 original two handle valve but inferior to the temperature control of the old two handle faucet. Almost no transition from ice cold to scalding hot. Waste a lot of water adjusting temperature. Shopping for a replacement. Can't live with this temperature control aggravation.";Qualité;2
en_0356952;en;"Quick and Steamy

I just love her writing style. This book was a quick, cute steamy friends to lovers story.";Qualité;2
en_0041068;en;"Exercise

I started barre classes and they are expensive so I am starting to exercise at home using the ball as part of my routine it’s a great workout";Prix;1
en_0817431;en;"Great purchase! Good for the hot summer

i love this pool!!! so fun and easy to inflate / deflate after daily use. I would definitely recommend this pool.";Qualité;2
en_0029242;en;"Not a fan.

Had issues with it heating up properly and staying on fabric.";Qualité;1
en_0402914;en;"looking forward to wearing it

I only buy shirts with two front pockets, Dress shirt only has one but the rest must have two pockets, one for my cell telephone and one for my glasses. I haven't worn the shirt yet but I did try it on and if fits great.";Qualité;2
en_0870079;en;"Knock-offs?

I bought these at Nordstrom in Nude, they were out of my size in black - found them here and I am not sure if they are leather. They look different from the pair I got in Nude, and the sole of the shoe, feels more like plastic than rubber - also noisy when I walk in them compared to the pair I got at Nordstrom - not sure if I am keeping them ...";Qualité;1
en_0160588;en;"Didn't work for my queen-size bed headboard (possibly because it ...

Didn't work for my queen-size bed headboard (possibly because it was older) but the screw holes didn't line up so I returned it.";Qualité;1
en_0481895;en;"Good read but priced to high

Good read but priced to high. When I received it it looked used because there was something sticky on the cover.";Qualité;2
en_0387706;en;"Great at first, Velcro wore out.

Started out loving this, 8 months later and the Velcro is wore out and doesn’t stay shut. Maybe a snap or a loop and hook would work better. Already looking for another brand to try out!";Qualité;2
en_0273087;en;"Product guarantee was satisfactory

Just ordered this morning around 11am and got it before 8pm today. But I did the same day delivery. But still was happy about my product and I’am going to definitely order one for my mom as well. So thank you for your awesome service.";Service;2
en_0600024;en;"Four Stars

These are so awesome. Cannot wait to use them.";Livraison;2
en_0459068;en;"Decent enough to keep

What I like: size fits loose, the shirt is not see-through. What I do not like: The shirt has quarter length sleeves when rolled down, not long sleeve like the product name said. I will definitely sew the sleeves up to the buckle, they do not stay rolled up because of the material. I will keep the shirt because it works well as a short sleeve.";Qualité;1
en_0398497;en;"this clouded up my fish tank

my fish liked to eat them, but i think i put too much in the first time and it got really cloudy and i had to clean it. i think ill stick with the flakes.";Qualité;2
en_0708372;en;"Not very durable

Not very durable for kids, maybe would be better for an adult. My 6 year old broke them within a week.";Qualité;1
en_0645018;en;"Cheap quality

Very thin and cheap towel Bought it as a gift and can’t because it feels so cheap- return costs half as much as the item so will donate it instead";Service;1
en_0046586;en;"completely worthless

I did just as the instructions said to do, and it didn’t catch ANTHING but dust.";Qualité;0
en_0959698;en;"Tiny

Too expensive for the size";Prix;0
en_0812066;en;"Ready to throw it against a wall.

Working on spread sheets and this mouse keeps being unresponsive. Ready the throw it against a brick wall.";Qualité;2
en_0348212;en;"We will see

The box came banged up but the spray itself is fine. I haven’t tried the taste yet, but I was pleased to see the spray nozzle is protected by a plastic peice you can take off and on.";Livraison;2
en_0185452;en;"hoping bells would be a bit louder

Have a 12 week old Labrador puppy who disappears and gets underfoot and without bells I can't find he nor I trip over her when she appears! Had to use all three bells attached to her collar and at that they make such a soft noise that it only helps little. I was hoping the bells would be a bit louder. Not too loud to disturb but these are really quiet.";Qualité;1
en_0611710;en;"Runs small, need Spanx underneath for white!

I got this for my bachelorette party because I wanted an overtly sexy white dress but on short notice. I am 5’2, a decently fit 130 lbs, and usually wear a size 2 so I ordered the small. I was very worried about the white being see-through because fitted white clothes typically are. I wanted to be sexy but not vulgar! I put it on and it was tight! It stretches a lot so I was able to fit it comfortably but the more it stretches the more you can see through it. I have a 34C bust and the top fit fine and was not tight. If you get white, I recommend pasties. The midsection and bottom however were pretty constricting. No way I could wear underwear in it and you could see my butt pretty clearly through the dress if I bent over. I feel like the medium would’ve been a better fit and a bigger size would’ve helped with the transparency. A dark color would probably work though. The material itself is pretty decent. It’s very soft and is thick enough to be opaque if it’s not stretched too thin. I ended up getting Spanx shorts to wear underneath and it looked much better! (I’m wearing them under the dress in the photos) I couldn’t have worn the dress otherwise...just too tight and too sheer. Size up and get black!";Qualité;1
en_0274815;en;"I really love this bodysuit

I really love this bodysuit. It's exactly as it describes. Holds up well and fits me perfectly. 5'6 about 160 pounds and athletic build.";Qualité;2
en_0478863;en;"Interesting!!

This book has me intrigued and I’m ready to see what’s going to happen. Good start! I’m ready to see what Queen is going to bring to the story.";Qualité;2
en_0436046;en;"Broken end caps

I bought it from Amazon warehouse and it said it might have missing bolts that is fine but it came with bolts and broken end caps";Qualité;0
en_0284756;en;"It's good, not amazing

I liked the fact that ingredients are super clean non-toxic, but this is not very effective as a scrub. Experience is lovely though, but don't expect big results. Also, if you are in warm climate, beware that ants love this and will attack !! Try and keep it in the fridge, if that is the case.";Qualité;2
en_0649366;en;"Definitely one of my all time favorite toys

Wow. That's literally the word that came out of my mouth when I first used it. This is a very fun little toy that definitely exceeded my expectations. The feel of it is great--smooth and soft to the touch. I love that it's waterproof, as I took a shower yesterday and just decided to test it out in there. I have to say, I took the longest shower of my life because I was simply enjoying it so much. I was in there for forty minutes, the majority of the time was spend simple standing, washing myself slowly, while playing around with the levels of vibration intensity. And that's something I definitely love, the different levels. They vary in vibration patterns, as another reviewer mentioned, and I adore that. The fit of this thing is perfect--any bigger and it wouldn't be as comfortable to just wear while walking or going places. The sound is not loud either, so you don't have to worry about anyone noticing. And let's just say that my boyfriend was very happy and had a good time when I gave him the remote.";Qualité;2
en_0633685;en;"Five Stars

It was exactly what they said it would be!";Qualité;2
en_0645633;en;"Didn’t work

Didn’t work as described and a waste of money";Prix;0
en_0339903;en;"Easy to use

Can't wait for my kids to open this gift on Christmas! They're going to love it";Livraison;2
en_0746554;en;"I love that this fits in multiple pots

I love that this fits in multiple pots, it's American made, and it's super easy to clean. I just wish it had a coated handle. It gets very hot (as one would expect) but there isn't a great way to grab it. It's awkward to pick up with a big oven mitt but too hot not to.";Qualité;2
en_0567754;en;"Very efficient product

This works well if you need the extra usb ports for a computer. I didn't have any problems with it at all. I plugged it in and it worked. We use this in a couple places through out the house so guests can plug in their devices for charging. Guests that are concerned about conserving energy like the fact they can turn off individual ports when not in use.";Qualité;1
en_0091841;en;"LEDs constantly blinked. I'm an electrical engineer by trade ...

LEDs constantly blinked. I'm an electrical engineer by trade, so I hooked a 12v relay up that was energized by the reverse light. Still didn't work. I connected to a constant 12v supply, still didn't work. It is trash.";Qualité;1
en_0966097;en;"It arrived on time. It was properly packaged, ...

It arrived on time. It was properly packaged, and appears to be correct. I have not used one yet.";Qualité;1
en_0548138;en;"I had to call Amazon due to when I received ...

I had to call Amazon due to when I received the shoes the insoles were missing.";Service;0
en_0379707;en;"Four Stars

Fun unit! Well worth it for this price!";Prix;2
en_0417810;en;"Impossible to clean. Everything sticks to the bottom.

We were hoping to get 5+ years out of this set. We're only 2 months in and already regret the purchase. High heat severely damages the bottom of the pans (the most aesthetically pleasing aspect of the pans). Everything, particularly meat, sticks to the bottom of the pan and then falls apart, even when generously oiled. The handles act as strong heat conductors and get too hot to touch. That being said, these pans take a long time to heat up. Cleaning is next to impossible, and discoloration is immediate. I just did my first copper polish on the bottom of the pans, but it did no good. The luster of the copper on the bottom fades after the first use.";Qualité;1
en_0133786;en;"Not bad

These only lasted one day at my house. Probably from the kids jumping on them but they worked fine. I will try the old school ones next.";Qualité;2
en_0131993;en;"Like every other piece of Calphalon cookware I have owned

Like every other piece of Calphalon cookware I have owned, this one is well made and easy to clean. No complaints.";Qualité;1
en_0245379;en;"but it works well and looks good!

The material of the case darkens quickly (from holding it, ink from jeans, etc), but it works well and looks good!";Qualité;2
en_0890287;en;"Four Stars

Happy with the product. Fast shipping";Qualité;2
en_0287661;en;"Ok buy

The material was not as sturdy as it could have been, but it suits ots purpose.";Qualité;2
en_0317256;en;"Purchasing again

I'm buying another, because the one I bought in April of 2017 is finally coming apart. Value, you bet. I put 40,000 miles on my car every year, and if I rent a car I take it with me. Easy install? Eh, I drive an SUV so I've grown accustomed to adjusting it when it needs it.";Prix;2
en_0925843;en;"Nice!!!!!

Luv the price..i got it refurbished i think..but i can just paint the chipped paint..it came assembled!";Prix;2
en_0938908;en;"Kickstand issues

The kickstand is extremely hard to get out";Qualité;0
en_0974933;en;"Pass on this one.

Like others that have posted reviews of this item here, I also received a unit with a Ni-Mh battery instead of the OEM Li-Ion battery. A 2 hour run time is advertised with the correct battery, but with the Ni-Mh I was lucky to see 30 minutes of use. Charging takes an extremely long time, and concerns of an electrical short or excessive heat from the incorrect battery have come up as well. The Roomba itself is great, but a lack of acceptable customer support in replacing the battery ruined the chance I was going to give this product. When I contacted iRobot to seek assistance, the product I received has been used by 6 different customers and has been registered for 3 years.";Service;1
en_0188325;en;"Ok product

Sits crooked, unable to level the hoop.";Qualité;1
en_0894657;en;"Couldn't find a bottle to fit it.....

Great concept but didn't work. Tried all of the recommended bottles & none of them fit. Returned it.";Qualité;2
en_0545467;en;"So so washi tape

This is a nice set of washi tape but the tiny side pieces are so narrow, you cannot even unroll them.";Qualité;1
en_0169159;en;"This is my toddler son’s favorite stacking toy since it builds so high and he ...

This is my toddler son’s favorite stacking toy since it builds so high and he loves to knock them down. It is great for working on his hand eye coordination and size comparisons while having fun. My only complaint is that he once put the corner of the box in his mouth and it made the finish come off of the box. The boxes are sturdy and have held up to my son’s rough playing. They will change shape or get messed up if too much weight is placed on them though.";Livraison;2
en_0692043;en;"It doesn't work.

$20 for an item that didn't clean anything";Qualité;2
en_0337744;en;"Excellent motion sensing LED light.

I bought this light to install under a kitchen cabinet that is above our coffee maker. Where the coffee maker is has always been a dark spot in the kitchen, but not anymore! I saw this light and thought I would give it a try to light up that dark spot in the kitchen. I must say this little light bar worked perfectly. It is small enough to not be noticed under the cabinet and since it on I have is set so that it only turns on when it senses motion. It lights up the counter now very bright and with brightness levels it has more than enough light. It was simple to install and the mount can be turned so it could be wall mounted if needed. With the included USB cable I have it powered via a charger. I would not hesitate to recommend this product and may order another one as well.";Qualité;2
en_0508651;en;"Three Stars

I thought the squares were larger than they were. But, found another place for them.";Qualité;1
en_0313894;en;"Brighter than I expected

Bright light, holds charge well";Qualité;2
en_0604287;en;"Not sure if these are Hanes... ugh

These run small. I’ve bought from my local store and they fit perfectly and are super soft. These are stiff and tiny!!! I don’t think they are real Hanes.";Qualité;1
en_0643575;en;"Noice

Bought the reduced cost one. My BF and I use it daily, and we’ve owned it for a handful of months now.";Prix;1
en_0862972;en;"Didn't last long.

The charging plug in has already died. It only worked a couple of months. The cord works with another base.";Qualité;0
en_0109833;en;"Asics running shoes always fit well and feel good starting with the first stride of the first run

Asics running shoes always fit well and feel good starting with the first stride of the first run. These are no exception.";Qualité;2
en_0935060;en;"Mine hardly smelled and they didn’t last

These don’t smell that much, don’t last long at all. I don’t know what these other reviewers got, but mine were not good";Qualité;0
en_0268137;en;"Love these on my SKX

Very comfortable. Seems to be high quality. Looks great. Will but again.";Qualité;2
en_0195683;en;"Sandpaper sheets

Feels like sand paper.";Qualité;1
en_0920463;en;"Waste of Money :(

Even if you put 3 stickers together, the headset still falls off your ear";Prix;0
en_0868456;en;"Return to sender

Way too small and I bought an xl and I’m a size 6";Service;0
en_0272236;en;"Looks great, nightmare to assemble

Once it is up and installed, it is a great looking piece, especially for the price. Assembly is a nightmare. The estimates are way off. You can put this together in an afternoon. And by afternoon I mean 4-6 hours. It comes with the center ball portion, with the light fixtures attached. And with a couple of hundred of the spikes (in two different lengths). Study the instructions closely and review the pictures here on Amazon to ensure that you're placing the spikes in the correct order (short/long) to reach the desired outcome. The center ball has the holes drilled and threaded, as well as the spikes have their ends threaded. That's good. What's bad: the painting/powder coating fills in the threads. This makes the spikes not fit in 90% of the holes. A tap is provided, but that means tediously re-tapping the threads on all 120 holes for the spikes. Oh, and you can't tap the holes next to the lights, because you cannot rotate the tap with the lights in the way. The spikes are so small in diameter that it is hard to get a strong enough grip on them to screw them into the base. I ended up with blisters on my fingertips from screwing in all the spikes. It looks great once it is up though, and I get a ton of complements on it.";Prix;1
en_0687452;en;"Not Even 3 weeks old & Filled With Rust Spots

So disappointed in this had high hopes. This was not even 3 weeks old. Didn't even use it everyday. When I did I dried the inside with a towel or paper towels. Very difficult to dry, you need to stick something in there to move the towel around because your hand will not fit. At $50 these should not rust. I have returned it. I ended up going with the Secura temperature control for the same price.";Prix;0
en_0496942;en;"Great

Go with the size you always get for dresses. I got a size bigger because I was worried of it being too tight. It’s still great just need to trust instinct";Qualité;2
en_0271905;en;"Great bulb

Great bulb! Was looking at a dusk to dawn photo sensor for a outdoor lamp and found this bulb. No need to mess with the wiring and you get the same affect.";Qualité;2
en_0205362;en;"Color was off, but a decent dress for the price.

Overall, I’m happy with this dress. Just a few things I don’t like - first; the color was not what I was expecting. I ordered dark green, and in the picture it looks more of a deep, Forrest green. The dress that came just just a plain green. A little brighter than I wanted. But I’ll still make use of it. Also - the length of the dress is not even. One side is SLIGHTLY longer than the other. You can’t really tell when I’m wearing it, but when it’s (straight) on the hanger, I can tell. Lastly, the material is a little thin. It doesn’t matter much, and it’s nice and light for summertime, but when I wear it with nothing under, my husband says he can see my thong. So I wear a spaghetti strap tank top underneath (the kind that’s long enough to cover a bit of my butt), and it solves the problem. Overall, a decent buy.";Prix;1
en_0624210;en;"Fit nicely and feel good!

Like very much, and they do not stretch in a permanent way as does cotton. Nice fit and great buy as to value.";Prix;2
en_0183689;en;"Don’t dry it!

Cute, flowy dress! And it has pockets! It’s comfortable and the color is pretty. I accidentally dried it even though the tag says hang to dry. I re-washed it and fingers crossed it’ll be ok. If not, I’ll order a new one!";Qualité;2
en_0313599;en;"Great amiibo display

I wanted a space-conscious shelf to display my growing amiibo collection and this works really well for it. I’d say it holds 9 comfortably.";Qualité;2
en_0836549;en;"Horrible packaging

Product came as advertised. Packaging was very poor, shoddy. 2 caps broken and unable to use after opening sealed top. Contents did not spill but I was surprised I didn’t have a mess on my doorstep when I saw the box.";Livraison;0
en_0249279;en;"Cute, fun, broken.

Over all this was a good buy but the all broke easily and for a few extra bucks I would recommend the Melissa and Doug brand I own them booth and the M&D is a better quality!";Qualité;2
en_0749178;en;"Unfortunately I'm not completely satisfied with this shirt

Unfortunately I'm not completely satisfied with this shirt. The graphic print is pixelated kind of has a blur to it. I have a long torso and the shirt comes short so I keep pull it down. Thirdly it doesn't really fit around the neck to well. The neck area of the shirt fits low like how a woman's shirt would.";Qualité;1
en_0007817;en;"Comfortably, but easily snags

This robe is exactly what I wanted - snuggly and warm for winter. The S/M fits me perfectly (I'm 5'3"", 125 lbs). I've washed it once and it held up. I love everything about it except that it snags VERY easily. Every couple of weeks I have to go over it with a scissors to keep it from looking so shaggy. I've only had it for two months and hate to think what it will be like in a year! Maybe it snags so easily because the texture is very soft? I don't know.";Qualité;2
en_0582451;en;"Perfect

Used this at my wedding";Qualité;2
en_0434378;en;"Strands coming out of the shorts

After going through all the reviews, I bought this two-piece. Ordered a L size. The fit is perfect. I wore it just for a day and threads started coming out of the shorts. Did anyone else face the same problem? Attaching a couple of photos.";Qualité;2
en_0908473;en;"it works until it doesn't the misters get stopped up constantly

costs to much for what you get";Qualité;1
en_0672528;en;"Product review

I thought I would get one of each color. I got one pink and three silver. I feel magical when using them and like how they are gel pens";Qualité;2
en_0766428;en;"DO NOT BUY

Purchased on April 5, 2018, used twice and the stripping blades are already BENT (will not mate). We compared these to a set of Kleins my buddy had in his tool bag and there's definitely something fishy about the ""metal"" these are made from. His Klein pair have thicker metal and will NOT budge when we tried to separate the two opposing blades, while the Southwire started bending just with our hands. We guess that these Southwire strippers are NOT heat treated, just stamped and sharpened then sent out for sale. SENDING BACK FOR A REFUND";Service;1
en_0653195;en;"Impossible buttons

Looks nice, seems sturdy. But it is almost IMPOSSIBLE to press the side buttons.";Qualité;0
en_0336044;en;"Not metal!

Read the description carefully - these are PLASTIC!";Qualité;0
en_0280925;en;"Three Stars

It's OK, kind of flimsy but you get what you paid for.";Prix;2
en_0141116;en;"I'm not happy, it's hard to get the phone and it does not have a good grip

I'm not happy, it's hard to get the phone and it does not have a good grip";Qualité;1
en_0934465;en;"Go with a different brand, this one will look shabby.

Not good quality, not symmetrical, lopsided, flimsy. I want To return them, but it took me too long to open the package to inspect them! I'm super disappointed.";Service;0
en_0966994;en;"Not that great

Can't go very far or it sounds like I'm under water.. Gets static sounding for the customer if I go more than 2 rows away from my desk in the call center.. Hard to hear the customer when the volume is all the way up.";Service;2
en_0671016;en;"Good set for the price. Not quite Olympic athlete grade, but good for your average bear

Swim cap works alright. Hair got damp, but it's tough to find a cap that will keep your hair 100% dry, so - shrug. The goggles are pretty cool. Again, typical issues - very minimal fogging and leaking over time.";Prix;1
en_0529079;en;"Stops working after a while....

After 3 months of normal using, now it stops working. For $11 a better quality product is expected.";Qualité;2
en_0092510;en;"Very Useful

Very handy. Easy to use. The lid keeps your beads separated IF you make sure it’s on all the way. It’s very easy to think it’s on but loose enough the beads can move around.";Qualité;2
en_0842955;en;"DO NOT BUY

I never received my order and I have tried contacting the seller multiple times with no answer DO NOT BUY FROM THIS SELLER";Qualité;1
en_0335574;en;"cute tree skirt

Looks nice and cute with my Christmas tree. Good for kids play. I love the Santa design but there is glue left on the skirt. Except that this skirt is prefect for this price.";Prix;2
en_0068870;en;"I bought two of these cutting boards and at first ...

I bought two of these cutting boards and at first use I had to trash them. See photo. Chopped some vegetables up and this is what happened to BOTH boards. Very unsafe also for your food. Don't buy";Qualité;0
en_0295260;en;"No good for Motorola phones

Wouldn't hook to a Moto Z Force, like they're other products. Returned for refund";Service;0
en_0808577;en;"Toy smaller than I wanted

No hassle shipping. The toy is smaller than expected. Would like bigger.";Qualité;1
en_0460448;en;"They are advertising the wrong items

They sent me the wrong snowsuit twice!!";Qualité;0
en_0503678;en;"Detailing has problems

Beautiful knife but not clean work on details";Qualité;2
en_0429705;en;"Not a Wrinkle Preventer

Used this for a weekend trip and packed one blazer and dress shirt. I was pretty hyped about this bag because I did not like lugging around a traditional garment bag plus a second bag of other items for a 2-3 day trip. Much to my dismay when I unpacked my dress clothes, they were incredibly wrinkled. I think had I balled them up inside the bag they would have been better off than how they were after traveling. You can see the end result in the attached photos. I’m going to try some other packing methods since I love this concept, but disappointed at the current level of wrinkles.";Qualité;1
en_0677583;en;"Worst muffin I've ever eaten

With shipping and tax ,this cost me almost $30, for the most awful muffin I've ever had in my life... incredibly salty (despite no added salt to the mix), bitter, mushy texture.";Prix;0
en_0154554;en;"Not the greatest...

Short battery life, it’s slightly crooked and is already cracked right where the attachment is. Disappointed.";Qualité;1
en_0841194;en;"Some finishing work required.

Feels like I bought a knife kit more than a finished product. Handle is roughly shaped and poorly fit to the liners & bolster. Blades are sharp but sloppily ground. With some sandpaper, a wet stone and some WD40, this ought to make a descent knife. Just glad I looked before wrapping it up for Christmas.";Qualité;1
en_0083547;en;"TENS unit with sll the bells and whistles

This unit works very well. It has all the bells and whistles, yet is compact and easy to understand. I can recommend it.";Qualité;2
en_0803219;en;"Probably works well; I can't get beyond the imperfection in the surface

I was willing to pay a little more to get a great quality travel mug. I will never know if the mug itself was a good value. The chip in the color (a thin film surrounding the mug?) upon arrival convinced me that it could never hold up to how I will treat it. Bummer.";Prix;2
en_0043469;en;"For those who want more.

I truly must have book for those seeking to expand their spiritual understanding on the happy road of destiny.";Qualité;2
en_0058697;en;"Four Stars

Top of grips by triggers gets deformed and grips feel a little spikey";Qualité;2
en_0306125;en;"What happened to the flavor?

Not sure what happened to this product. Been using it for a couple years and now tastes something like water that say years in a hot warehouse.";Qualité;1
en_0036918;en;"Two Stars

WERE IMPROPERLY SEWEN";Qualité;1
en_0058762;en;"Nice- but check the fasteners

Love the look. Just be careful and make certain the included hardware isn’t too long for your cabinets. We had to buy shorter fasteners to install these pulls. The included fasteners were too long and would have pierced the cabinet front.";Qualité;2
en_0971406;en;"Very disappointed.

These sunglasses are not polarized. Very disappointed.";Qualité;0
en_0634264;en;"Waste of Money

The bottle was so tiny, I could hardly manage it and the product did nothing.";Prix;0
en_0535228;en;"Does not work. Constantly shows that it is offline ...

Does not work. Constantly shows that it is offline. My SIM card is compatible with a 2g network, I’ve put it in the car and rode around with it... it still says offline. The English version on the desktop site doesn’t even recognize the password, but the Asian site does. Go figure, I can’t read it! It still says my units is in China on top of everything else. I can’t find any website to contact customer support. Somebody tell me something or I’m returning it";Service;1
en_0730930;en;"Small in diameter

Pretty but I couldn't get the center bracket installed and the rod sags. Wish I had paid more attention to the diameter of the rod.";Prix;1
en_0905017;en;"No clumps. Great volume!

Exactly as described! I love this mascara. It adds beautiful volume without clumping. Quick delivery and lovely sample pack included.";Qualité;2
en_0108036;en;"Two Stars

It did not do a thorough job as advertised.";Qualité;1
en_0075150;en;"Great and at an amazing price

These glasses are great, very comfortable and I'm glad I bought them.";Prix;2
en_0917466;en;"pretty powerful

I have this thing pump water 5 foot back into my tank on the lowest setting and it just about drains my sump i had to raise my water level to keep this beast happy!";Qualité;2
en_0372679;en;"Comfortable shoe.

Well made shoe, and very comfortable. I didn't like how my toes (especially big toe) showed so prominently through the thin material in the front though.";Qualité;2
en_0717794;en;"NOT happy with my purchase!

My pecans are dry, not oily at all. I am very disappointed and I have no recourse ??? Based on the other reviews, I bought 5 lbs of dry pecans I could have gotten at the grocery store!";Qualité;0
en_0086712;en;"SCAM

I DID NOT RECIEVE MY WARRANTY!!!";Service;1
en_0463098;en;"Cheap not worth the money

Not happy with product";Prix;0
en_0143887;en;"Convenient Size

I like the overall size of the wallet and the look/feel. I only gave three stars because the plastic card slots have torn out very easily and the zipper has separated several times.";Qualité;1
en_0482776;en;"This ride on toy is too small for my 2 ...

This ride on toy is too small for my 2 year old. Packaging indicates ages 1 to 6 year old. Not true.";Qualité;0
en_0701238;en;"Lids don’t fit!

The lids were not even the right size.";Qualité;2
en_0531524;en;"Two Stars

not sure if this batch was bad but doesnt taste the same as the other's i've ordered.";Qualité;0
en_0542177;en;"Not the same as pictured.

Product works fine, I just took one star off because the picture shows a 90 degree USB, and mine was a straight plug. Works, but would look better with the 90 degree plug.";Qualité;2
en_0287797;en;"Reasonable value for the price.

A little smaller than expected but I'm pleased with the jars. They were packaged well. The glass is thick and durable. They seem airtight but that's not a concern for me.";Prix;1
en_0131049;en;"Display Box Shipping

The Fram air filter was... well, its an air filter. The negative side is that the recent new packaging technique Amazon is using by simply slapping a label on the manufacturer's box. The filter I just received was in a very thin display box. It arrived with the filter having been bent in shipping and the box totally destroyed on both ends. There was not even tape on either end of the box lid to prevent the item from falling out. Obviously, it had. I do realize that packaging and shipping is a major cost in selling products. However, if the manufacture does not provide adequate protection for shipping, it should either be available in a consolidated order, or a shipping charge applied to cover the cost. Either way, shipping in display boxes is NOT adequate for shipping damage protection.";Livraison;1
en_0292541;en;"Poor quality

Cheap Quality, broke in 2 weeks. We also purchased a seperate universal train set to add trains and they don't line up with the tracks.";Prix;1
en_0712958;en;"Eh

Leaves are smaller then expected but still usable.";Qualité;1
en_0959620;en;"seller distribution issues

Sent pink. I do not understand why this keeps happening. Other customers said this happened to them, but I thought they would have resolved this by the time I placed my order.";Qualité;0
en_0032214;en;"Not Bad, Kind of Messy. Stores well.

Can be difficult to measure batter to avoid expansion/overflow. Tough to clean. Extra nub from spout is a little annoying, but waffles taste good!";Qualité;1
en_0788988;en;"Look great!

Hold up well and do the job!";Qualité;2
en_0368491;en;"Good case though

Keyboard doesn’t work. Good case though.";Qualité;2
en_0337458;en;"Great holster !

Quality materials, good craftsmanship & made in the USA. Love it ! ( My SP101 fits very nicely. )";Qualité;2
en_0650532;en;"Not what I expected.

Once refrigerated the cool felt good however I didn't notice a difference in my eye bags.";Qualité;2
en_0328350;en;"Does not work well

Does not work very well";Qualité;2
en_0685453;en;"small and bright

lights up when power goes out to help you find it. strong beam and lasts a long time.";Qualité;2
en_0421260;en;"Hoping a bit more charging will help

One string is working quite well (of course, this is only the second night), but the other stayed on for only a very short time (as in minutes). They are on holly bushes that are next to each other, so the light for charging should be about the same for each string. I am hoping the second string just needs a bit more time to charge; by tomorrow night I should know. I really don't want to have to take these down and return them, as I DO like them. They are bright enough and convenient. We live in the country without street lights, so I can't tell how these would work in an environment where they might not stand out as readily; here they are nice though. They are convenient. I've never wanted to drag an electric cord 200 feet to those holly bushes. If this works out, I have my eye on some evergreens in the yard, too :) . UPDATE: I tried different brands this year, on different areas of the yard. These have worked the best. None of the brands stayed on for more than a few hours, but these have been the best of the ones I've tried.";Service;2
en_0503134;en;"Leaks leaks leaks

Cup leaks constantly even When fully closed. If I could give it zero stars I would. Do not recommend at all";Qualité;1
en_0769612;en;"one collar malfunctions

These work ok and have a decent distance. The dogs quickly learned to obey at the beep and I rarely need the other two functions. However, one of the collars after the second charge would not charge nor would it turn off. I had to let the battery die completely before I could charge it. After approximately 6 charges to both collars the charger became loose and you really have to fiddle with it and prop up the collar and weigh down the cord in order to get it to charge... they both charge, but you should just be able to plug it in and not worry about it until it's fully charged.";Qualité;1
en_0814540;en;"not my favorite

They are ok.. not my favorite";Qualité;2
en_0479677;en;"Some markers lack pigmentation and are all water

I used this product to write my notes over on a sheet protector. Some of the markers are decently pigmented. While others work as if they have water and a hint of food coloring in them. Will not be purchasing again.";Qualité;2
en_0518193;en;"Stoped working after one year

Only had them for 1 year and not been using them maybe more than 1 times a week. After one year the sound stopped working in the right ear piece. Can anyone give me advice on how to get help. Dont seem to find it. It's over $200 dollar headphones so they should work longer than one year.";Prix;2
en_0844136;en;"I got what I paid for, well made pot ...

I got what I paid for, well made pot. But I am right handed but pour with my left so went the pour area on the right side of the pot. My mistake. Lost a star for the lid handle not being insulted so you need to use a pot holder to lift the lid.";Prix;2
en_0246151;en;"Up to you mango

I took it out of the package. Was covered in dents and leaked at the top seal once I filled it with water";Qualité;2
en_0570489;en;"My dog loved it and it was cute

My dog loved it and it was cute. However, it didn't last very long before my dog ripped it into pieces. Now we have part of the body and head, a separate tail and no arms. The clicker and stuffing (minimal stuffing) was ripped out within less than 30 minutes. But the dog loves to play with the pieces!";Qualité;2
en_0654882;en;"Stylish

Great faucet. A little louder than I would like but looks and works great.";Qualité;2
en_0072135;en;"Easy to hang wreaths and pictures on your siding.

I had been wanting to hang pictures and wreaths on my porch but didn't want to use nails, putting holes in the siding. These hangers worked so well, I have repeatedly bought packs so now I have decorations on my porch, patio and the side of the house to celebrate the summer.";Qualité;2
en_0782498;en;"Wrap around.

Goes around the battery fine, it's just trying to secure the ends. I had to use 2 sided strength tape to secure the ends.";Qualité;2
en_0791235;en;"Basically worthless.

The tie cable to keep this on the pool is atleast 8 feet to short to reach the ratchet to tighten it. Basically worthless at this point, definitely won’t stay on for the winter.";Qualité;0
en_0062852;en;"Easy accurate readings, just takes a little practice

Nice to have in ear & forehead attachments for temp readings.";Qualité;2
en_0764485;en;"Super small

Why smaller then anticipated I hope my nephew doesn't break it. I felt bad giving it to him I had to buy an extra present.";Qualité;0
en_0649119;en;"great product

if I gave a 5star this would be one but nothing is perfect-lol";Qualité;2
;;;;
