id,language,text,stars,sampling_source,target_candidate,quality,price,delivery,service
fr_0973664,fr,"Vendeur pas sérieux

Jamais reçu malgré de nombreuses relances mails",1,enriched,service,absent,absent,négatif,négatif
en_0797614,en,"Flakes off by the end of the day

Wipes off with a wet washcloth but I had particles under my eyes by 9pm. Not great for contact users. I love the Blinc tube mascara, but I was trying to save a little money. This is not a good replacement.",1,enriched,service,négatif,absent,absent,absent
en_0262449,en,"False advertisement

Would give 0 stars if possible. Bought this for my niece and would never give such a hunk of junk as a gift. It was advertised as Sterling silver and nowhere on the package or item say's 925. Very disappointed. I ordered a beautiful silver necklace and received costume jewelry. I've already started the return process",1,enriched,delivery,négatif,absent,négatif,absent
fr_0997987,fr,"Gadget qui ne fonctionne pas

Brumisateur ne fonctionne pas du tout et ventilateur très bruyant Beaucoup trop cher pour ce qui n est en fait qu un gadget",1,enriched,price,négatif,négatif,absent,absent
en_0658523,en,"Seller Issue

Had to return but the seller was unethical but Amazon did stand behind the customer with the proof provided",3,enriched,service,absent,absent,absent,négatif
en_0393316,en,"Fake, broke in half (Seller is Quality Area)

I got mine from 'Quality Area' Broke in half on the third use, just outside the return window. This appears to be a cheap counterfeit and not the OE Vitamix Tool.",1,enriched,service,négatif,neutre,absent,absent
fr_0372156,fr,"niquel

j'ai recu le livre rapidement et dans un emballage parfait. je recommande le vendeur mais aussi l'écrivain pour ce beau petit livre",5,enriched,service,positif,absent,positif,positif
fr_0549275,fr,"Lamentable!

Colis reçu sans qu'on se soit donné la peine de mettre du papier bulle! Je pense que c'est tout de même la base quand on envoie ce type de produit. Le livre est arrivé complètement déformé! Vive le professionnalisme!",1,enriched,delivery,négatif,absent,négatif,absent
fr_0288058,fr,"bien et jolie

correct sur prix et qualité",4,enriched,price,positif,positif,absent,absent
fr_0315053,fr,"Bien

Sur le lot 1 cartouche noir ne veut pas s'aligner dans l'imprimante ( pas de reconnaissance). Le vendeur très professionnel ma envoyé une nouvelle cartouche noir sans problème.",4,enriched,service,négatif,absent,absent,positif
en_0303904,en,"Good lookibg

Over priced, good customer service",3,enriched,service,absent,négatif,absent,positif
en_0218592,en,"Anything but

Super absorbency is what the product is sold as, yet is anything but super absorbing. For someone who is looking to find something that can super absorb for more than 4 hours this is not it. Stick with name brand. The packaging is hard to get into. The applicator and plunger are difficult compared to other brands. You have to grip the sides just to detach the two of you know what I mean. These probably last two hours. Got these last minute and am not stuck with them. Will only use them on lighter days. Not worth it unless one wants a mess and doesn’t stay on top of them. For those who suffer from blood issues don’t bother.",2,enriched,price,absent,négatif,neutre,absent
fr_0453791,fr,"Traduction en français svp

Reçue comme prévu, semble fonctionner, mais je n’ai pas réussi à la faire fonctionner : descriptif en anglais pas très compréhensible ! Ça serait plus correct de la part du vendeur de joindre un mode d’emploi en français",3,enriched,service,neutre,absent,neutre,absent
fr_0408294,fr,"Recommandé sans hésiter

Je l’ai offerte et elle a énormément plus, la couleur est très sympa, la pochette est fine, et la matière velours intérieur est génial ! Rapport qualité prix très bon !",5,enriched,price,neutre,neutre,absent,absent
fr_0812853,fr,"Extracteur de goujon

Un écrou de vilebrequin où la tête était abimée et bien serré. Évitez d'utiliser la clé à choc car risque de casser l'extracteur. Par contre SAV impeccable et réactif. Je conseille l'achat de ce coffret.",4,enriched,service,absent,absent,absent,positif
en_0979104,en,"Easy to clean nose pieces discontinued?

Wanted the inline nose pieces but no longer available. Seller tried to resolve but desired parts no longer available.",4,enriched,service,neutre,absent,absent,neutre
fr_0563719,fr,"C'est beau la technologie !

J'avoue que c'était avec un grand scepticisme que je décidais d'acheter ces produits. Seul le prix me disait que le risque était limité, pour le reste, je n'y croyais absolument pas. Et puis, une fois installé, ce système s'est avéré redoutable. C'est encore pire qu'avant, en plus, maintenant, les chats se moquent de moi ! Mais ils rigolent !!! Trêve de plaisanterie, aucun effet.",2,natural,none,positif,neutre,absent,absent
fr_0430259,fr,"Aiguille manquante...

Manque l'aiguille donc pas utilisable... J'attends des nouvelle du vendeur, je remettrais les étoiles quand ce sera résolu, sinon ça a l'air de qualité...",3,enriched,service,négatif,absent,absent,neutre
en_0685546,en,"Need better package protection

Nice mug, the reason for the review it’s because when I open the package one of them was broken, if you buy something fragile they should put more protection or maybe a note in the box that says it’s fragile,",1,enriched,delivery,négatif,absent,neutre,absent
fr_0894019,fr,"trés bien

Un peu déçu par rapport a mon galaxy note 4 . Mais service livraison au top et vendeur efficace.",4,enriched,service,négatif,absent,positif,positif
en_0613426,en,"Nice cardigan

Very pretty and quality for the price. Cute with jeans.",5,enriched,price,positif,positif,absent,absent
fr_0700763,fr,"Déçu !!!

Déçu non seulement reçu avec du retard mais en plus la baguette magique est arrivé casse à fille était vraiment déçu !!",1,enriched,delivery,absent,absent,négatif,absent
en_0155146,en,"I like this product

I like this product, it works very well for me, However, placed 2 orders with the seller, total 12 bottles, all will be expired within 2 months.",2,enriched,service,neutre,absent,absent,absent
en_0370521,en,"Pretty good!

This is a very decent set of taps for the price. They are not made to the tightest possible tolerances but work well enough for my purposes being used for low stress joining of pla plastic parts. I bought a different set from a different seller, for more money and they arrived loose in a ziploc, this set came in a nice case.",4,enriched,service,absent,positif,neutre,absent
fr_0851849,fr,"4 étoile même si arriver casser

Je mets 4 étoiles à cet article même si je l'ai reçu casser et ce n'est pas de la faute de Amazon mais je pense au niveau de transport dont le transporteur article conforme à la description",4,enriched,delivery,positif,absent,négatif,neutre
fr_0678148,fr,"pratique

compact ,pratique ,pas cher....quoi d autre ?",4,enriched,price,positif,positif,absent,absent
fr_0586784,fr,"Bonne protection!

La qualité semble costaud, à voir désormais avec le temps...La coque est épaisse et l'avantage de la couleur flashy, c'est qu'elle ne se fond pas dans le décor, comme une housse noire par exemple ! Cela peu paraître bête, mais nous retrouvons rapidement notre ipad dans la maison, en un coup d'oeil ! Le + : le stylet offert!",5,natural,none,neutre,absent,absent,absent
en_0881522,en,"Very disappointed..

Been one week since I bought this flute and there is a crack running down from the mouth piece. Very disappointed...",2,natural,none,absent,absent,absent,absent
en_0705528,en,"Never received them scam!

Never received them didnot received money back or the item",1,enriched,delivery,absent,neutre,négatif,absent
en_0528266,en,"Good price, but not as advertised

I was disappointed that the description and pictures showed thermal boot socks and what showed up was 3 packs of mens socks that are normal length. Also, very little elastic around top so socks end up in a wad around the ankle. This purchase was to help the homeless, but I hesitate to give these to them. Great price, but not what was advertised. Update- I contacted the seller and was pleased that they responded quickly and replaced the socks. Thank you",2,enriched,service,absent,positif,absent,absent
fr_0733138,fr,"fragile

Bien,mais tout petit et léger .correspond au prix quand on ne peut pas acheter plus cher.A voir dans la durée.",3,enriched,price,négatif,neutre,absent,absent
fr_0431937,fr,"Un peu petit...

Modèle réduit. On s'attend à une boîte un peu plus grande ! Mais le prix reste raisonnable. Le vendeur pourrait apporter plus de précisions sur le produit.",2,enriched,service,neutre,positif,absent,absent
fr_0182614,fr,"Cher mais conforme à la description

Ma fille est contente. Bon produit.",5,enriched,price,positif,neutre,absent,absent
fr_0057585,fr,"Très bon rapport qualité prix

Produit de qualité conforme à la description",5,enriched,price,positif,positif,absent,absent
fr_0158138,fr,"non reçu

, je ne recommande pas ce vendeur, j'ai attendu 45 jours, et au final je n'ai pas reçu le produit je me suis fait baladé",1,enriched,service,absent,absent,négatif,absent
fr_0098029,fr,"pochette documents

reçu dans les délais, couleur aléatoire mais convient bien, qualité égale à d'autres grandes surfaces",5,enriched,delivery,neutre,absent,positif,absent
fr_0068633,fr,"Applique ou plafonnier

Ce produit est une pure merveille, je recherchais un plafonnier pas trop descendant en style industriel mais ne trouvant pas, j ai pris cette applique que j’ai détourné en plafonnier. L effet est bluffant, et a ce prix il ne faut pas hésiter.",5,enriched,price,neutre,neutre,absent,absent
en_0986028,en,"Go for it!

Very nice glasses, especially for the price point. The glass is thick and sturdy!",5,enriched,price,positif,positif,absent,absent
fr_0478948,fr,"Facile utilisation

Très pratique, de facile d'utilisation, très performant comme une machine d' haute gamme à prix très abordable.",4,enriched,price,positif,neutre,absent,absent
en_0264603,en,"It works!

I bought this for my boyfriend since he complained about his blackheads and he loves it! It wasn’t painful to peel off and it took a lot of funk out of his pores. It’s an awesome mask especially for the price.",4,enriched,price,positif,positif,absent,absent
en_0088461,en,"Nice camera good price but my son seems to think ...

Nice camera good price but my son seems to think there are other things that have to be downloaded in order to use it",2,enriched,price,absent,positif,absent,absent
en_0117083,en,"Great pot ,keeps coffee hot!

Brews well and keep the coffee hot. As long as you warm up the carafe prior to filling it up with coffee. I owned a previous coffee maker ,same unit different brand name and it lasted 4 years. Considering Im used to getting a year out of a coffee maker . Its worth it.",5,enriched,price,absent,neutre,absent,absent
fr_0265376,fr,"Fragile

Sympa pour un enfant mais vraiment fragile ... Plus une deco qu'une véritable boite de jeux",3,natural,none,négatif,absent,absent,absent
en_0114205,en,"Great rack, especially for the price

Awesome product for the price. Had another brand last year that I ended up returning to the home center. Was skeptical when I purchased this one because of its low price but am happy to say I was pleasantly surprised. It’s was very quick and very easy to install and is much sturdier than the previous one I had. Would highly recommend this rack especially for anyone that doesn’t need something permanent or likes to take it off and on depending on their need",5,enriched,price,neutre,positif,absent,absent
en_0105932,en,"Well Worth the Investment

After six months of daily (hourly) use, I can say this beats the Gerber I had, hands down. My previous tool (Gerber) broke within days of use, but I was able to limp along for a few months. I've been putting this Leatherman through the ringer on a regular basis and it seems to withstand everything. The knife is long enough to be useful, the screwdrivers work well, and the locking mech is easy to use. This is a must have for anyone - man or woman - that takes themselves and their abilities seriously.",5,enriched,price,négatif,positif,absent,absent
en_0897398,en,"Funny

Funny but cheap, should cost less.",3,enriched,price,absent,négatif,absent,absent
en_0749373,en,"Sometimes needs to be ""woken up""

Works ok - I find I have to wipe it on my palm periodically to get it to ""wake up"" sometimes. I try to use it and it is like it is not connected to the laptop - wipe it on my palm and suddenly it tracks on the screen. Update - while I consider the issue with the device to be slight annoyance, the seller has gone above and beyond to try and provide customer satisfaction. So for that they get a 4-star review.",4,enriched,service,neutre,absent,absent,absent
en_0218617,en,"I it important to me to have a good fit and the dress to look nice

Ii wanted a white sheath, and this one looked as if it might be adequate. I did not like the material, the style, or the fit! I would not recommend this dress at all. I want to return it but I am having difficulty doing that. As many things as I purchase from Amazon. I am very unhappy that I cannot return this dress. I tried to call several weeks ago to obtain a return label, and I got someone on the phone who appeared to me to be a scam person. He said I should go a purchase a gift card and then someone from AMazon would come to my house and retrieve the dress and leave a dress of my choice!!!! Amazon, your telephone number has been compromised! Meanwhile I have a dress that I do not want! Ii think we need to talk!!!",1,enriched,service,positif,absent,absent,absent
fr_0300305,fr,"Poste MiG sans gaz

J'ai reçu et testé ce poste MiG sans gaz et franchement c'est un superbe achat de très bonnes qualités",5,enriched,delivery,neutre,absent,neutre,absent
en_0418262,en,"Disappointing

I have owned Royal shredders before and I have been more than satisfied. This model is poor at best. The capacity is smaller than expected and it overheats after 10 minutes of use - 2 or 3 sheets at a time. Not what you would expect from a 12 sheet capacity model with a CD shredder. I'm VERY DISAPPOINTED! The only good news is that the seller shipped immediately ant it arrived earlier than promised or expected.",2,enriched,service,négatif,absent,neutre,absent
fr_0671746,fr,"Je recommande ce vendeur

RAS, tout est nickel !",5,enriched,service,absent,absent,absent,positif
en_0531747,en,"Four Stars

One of the best wedding gifts my cousin received!!! Good quality and am interested in other like products.",4,enriched,delivery,positif,absent,neutre,absent
en_0230321,en,"Good for one-time use only

This sharpener worked really well the first time I used it. The second time I used it, it wouldn't sharpen anything. I've tried emailing seller about this, but have not received any reply.",1,enriched,service,négatif,absent,négatif,négatif
en_0269008,en,"Got the book...not in good condition though.

The front and back cover’s are torn in many places. Run down. But it’ll get the job done I suppose. Owner should reconsider renting price due to poor quality.",3,enriched,price,négatif,neutre,absent,absent
en_0796961,en,"This company does not care about the condition the merchandise is when is reaches the customer

This company stuck the contigo mug in the box and did not have any bubble wrap, just the mug inside the box. All the other companies I have bought products from have used bubble wrap to protect their products.. This company clearly does not care about what condition their products end up in when they reach their customers",2,natural,none,absent,absent,absent,absent
en_0218272,en,"Haven't try the pruduct yet, but the shipping was ...

Haven't try the pruduct yet, but the shipping was a mess. As the discription, one order supposed have 2 pack, I received only 1 pack. I contacted with Amazon, they refunded me and asked me to re-order. The second shipment came, there is still 1 pack inside. Please clarify if it's 1 or 2 pack per order.",1,enriched,service,absent,absent,neutre,positif
en_0975545,en,"Easy to assemble, cheap, useful, but not particularly sturdy.

While I like these shelving units (enough to buy 3 of them), and love how easy they are to assemble (takes about 5 minutes), I have to say that the plastic is not as sturdy as I had hoped and expected. The plastic is fairly thin and without any metal rod supports underneath, and not even much plastic support on the bottom side either. I would not even think about putting even half the weight the each shelf supposedly supports unless you want the shelves to bend/curve towards the center. Still, if you put lighter things on the shelves it is decent and helped me organize our tiny detached garage better (and lay a long Thule cargo box on top as well).",3,enriched,price,positif,neutre,absent,absent
en_0410026,en,"Is good for price

The signal is not good for long distance",3,enriched,price,absent,neutre,absent,absent
fr_0343100,fr,"ARTICLE JAMAIS RECU

Je suis très déçu du service rendu par le vendeur. Je peux comprendre qu'il y ai du retard pour les livraisons, soit. Mais au point de me communiquer aucune informations je trouve cela plus que limite! C'est pour cela que j'ai demandé à être remboursé plutôt que de faire une nouvelle livraison chez ce vendeur!",1,enriched,service,négatif,absent,négatif,positif
fr_0227997,fr,"Parfum

Prix qui reflète la qualité du produit. C'est à dire très médiocre.",2,enriched,price,négatif,neutre,absent,absent
en_0076234,en,"Four Stars

Good book. Disappointed I didn't purchase the physical book which has nothing to do with the seller. I",4,enriched,service,absent,absent,absent,absent
en_0581657,en,"Good product

!Good Guitar strings for the price.Would recommend it!",4,enriched,price,positif,positif,absent,absent
fr_0169601,fr,"Très bien

Très bon rapport qualité prix. Les cintres sont en bon état et solides, et la couleur rend très bien. Je recommande",5,enriched,price,neutre,positif,absent,absent
fr_0697292,fr,"Mauvaise expérience

Produit que je n’ai pas en main propre car l échange avec le vendeur n est pas très claire et il a fallut que j envoie un message pour obtenir le numéro qui me permettra si celui n’est rien as répartis chez le vendeur de l obtenir",2,enriched,service,neutre,absent,absent,absent
fr_0391606,fr,"DÉÇUS

JE TROUVE DOMMAGE QU'ON NE PUISSE PAS CHOISIR SES PARFUMS ET L'HUILE N'EST PAS COMME SUR LA PHOTO VENDEUR",2,enriched,service,absent,absent,absent,absent
fr_0479203,fr,"Parfait

Très satisfaite. Pleins de tailles, bonne qualité et petit prix. Je recommande sans soucis",5,enriched,price,positif,positif,absent,absent
fr_0445971,fr,"Très bon son

Pour le Prix et le nombre de watts, le son est rendu est vraiment bien. Je recommande surtout en appartement !",4,enriched,price,absent,neutre,absent,absent
en_0166759,en,"Don't buy. Save time and money, go to a podiatrist.

Really hurt my feet. I gave it time and couldn't handle the pain. 3rd party vendor wouldn't refund my money. I think they're scammers. Amazon was awesome, they actually refunded my money as a gift card. I'm pleased they did this.",1,enriched,service,négatif,neutre,absent,négatif
en_0992096,en,"Not worth the money!

Worked for one day, after that the umbrella would not close. I missed the return window!",1,enriched,price,neutre,négatif,absent,absent
fr_0896759,fr,"ne produit aucun effet

Je pense que les mouches faisaient leur sieste dessus.... Bref aucun effet visible, et en plus n'a plus fonctionné après 5 jours. Merci Amazon pour la bonne gestion de retour de produits.",1,enriched,service,négatif,absent,absent,positif
fr_0287155,fr,"La métamorphose de Franz Kafka, Version CD

Pour le plaisir d'écouter un film tiré d'un livre que j'ai aimé. Reçu en parfait état. Bien emballé.Totalement satisfait.",5,enriched,delivery,positif,absent,positif,absent
fr_0148405,fr,"Emballage endommagé

Le colis et son contenu arrivé endommagé, soit l'emballage est insuffisant, soit a été ouvert par quelqu'un... Trop tôt pour évaluer le produit en lui-même.",3,enriched,delivery,neutre,absent,négatif,absent
en_0900863,en,"You cannot turn off beeps and it is loud

I ordered this because of the high ratings, but mostly because of the fact that you cloud turn off the beeps and that is was supposed to be very quiet. I got it yesterday. There is no way you can turn off the beeps, no ECO, function and it is much noisier than my last microwave. The manual doesn't mention any of the features that the ad does. I contacted the company and they want me to send in a video of the problem. You can't video what isn't there. Therefore I'm returning it. It works , but there is not truth in the advertising of this product by the Aicok company.",1,enriched,service,négatif,absent,absent,absent
fr_0258324,fr,"Pas de possibilité d'utiliser la tablette

le problème c'est que le câble, est chargeur branchés, rien ni fait la tablette, ne veut pas ce charger. je ne peut pas utiliser la tablette déchargé??? aucune autre possibilité de la faire fonctionner. De Plus Le Chargeur fourni avec à lâché, il ne recharge rien, même pas un téléphone ???? Je demande au vendeur SVP que faire Je n'ai pas d'autre Chargeur ????",4,enriched,service,négatif,absent,absent,absent
fr_0680996,fr,"N’importe quoi

J’ai reçu une boîte vide !!!",1,enriched,delivery,absent,absent,négatif,absent
fr_0207953,fr,"Bonne protection multiples .

Veste un peu courte , prendre une taille au-dessus , bonne protection .",4,natural,none,neutre,absent,absent,absent
en_0037129,en,"Very poor touch sensitivity and response

You'd need to click/tap hard and multiple times and quickly get frustrated after a while and throw away this cheap screen protector.",1,enriched,price,absent,neutre,absent,absent
en_0444301,en,"I know they have a photo on Amazon, but this things are way too small.

I just received this Clay blocks and immediately decided I will not use them. These are way too small. They look very cheap and the bag says they are made in China. Maybe it's just me but they don't look like a quality product. I know they are low cost, then I will take this loss for ordering something cheap. I definitely do not recommend this product unless is fora very small project. I gave them 3 stars for Easy to use because I know they will not be comfortable in my hands.",3,enriched,price,négatif,neutre,neutre,absent
en_0834811,en,"Cheap price, but rugged durabilty

Was skeptical at first. Took me a while to install at since i didn't know it came with instructions lol. Gave it to my little girl as the pink color grabbed her attention. 5 minutes in see her jumping up and down behind the couch sure enough i look over and she's jumping up and down with her cowboy boots right on the screen. To my surprise the case and built in screen protector did it's job. Not one single scratch or crack on the ipad. Will definitely buy again if needed.",5,enriched,price,absent,neutre,absent,absent
fr_0926008,fr,"Conforme à la description

Satisfaite de mon achat.les chaussettes sont douces,souples et les picots sont vraiment antidérapant .",5,natural,none,positif,absent,absent,absent
fr_0039980,fr,"Hors service au bout de 20 jours...donc retour et remboursement gratuits.

Batterie reçue à temps et installation assez facile grâce à un tutoriel vidéo trouvé sur youtube. A très bien fonctionné pendant presque 3 semaines, puis un matin ma tablette n'a pas voulu démarrer. Comme elle avait été vendue et expédiée par amazon, j'ai utilisé le service amazon ""bon de retour et de remboursement gratuit"" avant son expiration de 30 jours après la date de la commande. J'ai donc renvoyé la batterie soigneusement emballée dans son emballage d'origine au service retours d'amazon (il faut imprimer une étiquette de retour prévue à cette effet depuis votre espace personnel) dans les délais, et j'ai été remboursé sans problème au bout d'une semaine. Malgré le remboursement rapide et total de la batterie, je déconseille toutefois ce produit que je n'estime vraiment pas fiable sur la durée (garantie constructeur de 1 an seulement). J'ai quand même eu de la chance qu'elle lâche avant la fin du délai de retour gratuit...mais je ne prendrais le risque une nouvelle fois avec cette référence. A vous de voir... ;-)",1,enriched,service,négatif,absent,positif,positif
en_0876684,en,"Not happy with this purchase

Umbrella would be cute if it would open and catch. The one I received was badly designed and would not push up far enough to catch and stay open. I also did not receive the black pants pictured and listed. The way it arrived it appeared to be a returned item as the bag had been torn opened and the cardboard top of packaged was inside the ripped open bag. Not happy with this purchase.",3,enriched,delivery,négatif,absent,négatif,absent
fr_0609101,fr,"chargeur à éviter

ne fonctionne pas ….. pas cher mais à éviter",1,enriched,price,négatif,positif,absent,absent
fr_0396775,fr,"Page abîmée

Livre reçu abîmé pour faire un cadeau c'est pas terrible",2,enriched,delivery,neutre,absent,négatif,absent
en_0346993,en,"ABSOLUTE CHEAP JUNK

Broken and missing items received.... glad it was only 10.00 but guess get what you pay for",1,enriched,price,négatif,neutre,négatif,absent
fr_0800576,fr,"Commande incomplète.

Reçu la commande incomplète, j'ai envoyé un mail et il m'a été répondu que le reste de la commande sera livrée ultérieurement ( sirène extérieure et le détecteur de fumée.",3,enriched,delivery,absent,absent,négatif,absent
fr_0986607,fr,"toujours pas reçue

J'ai toujours apprécié amazon pour le sérieux, la qualité et la rapidité des expéditions. Cette fois-ci, j'ai contacté le vendeur directement plusieurs fois : ce dernier élude mes questions et fait comme s'il ne comprenait pas ce que je demande. Je ne sais plus quoi faire.",1,enriched,delivery,neutre,absent,négatif,négatif
en_0251136,en,"Great Value

I've already misplaced my tweezers, but thankfully I have two more waiting in the wings in the sturdy box they came in. The tweezers themselves do an adequate job. I've had tweezers that are better at plucking fine hairs. That being said, I'd probably repurchase these.",4,enriched,price,positif,positif,absent,absent
fr_0721033,fr,"Bon mais léger et cher

Bon goût, mais très léger, il faut une grosse quantité d’infusion et comme elle est assez cher c’est un rapport qualité prix assez décevant",3,enriched,price,neutre,négatif,absent,absent
fr_0110959,fr,"très content

pas cher et jolie et surtout efficace, moi qui prend toujours une coque et qui ne fait jamais tombé le téléphone, là pour le coup celui ci a pris un gros vol et la coque me l'a sauvé",4,enriched,price,positif,positif,absent,absent
fr_0657166,fr,"article égal à la photo

l'article est égal à lui même mais j'avais envoyé un message au vendeur comme quoi l'adresse changeait car c'était un cadeau et ma demande n'as pas été faites donc déçue de l'avoir reçue et devoir le renvoyer au bon destinataire .",3,enriched,service,négatif,absent,neutre,négatif
fr_0162270,fr,"Changer la livraison

L'envoi rapide rien à dire sauf qu'il faut changer le moyen de transport car ca fait 4 colis qu'on me livre pas chronopost ne se déplace même pas !! Il dépose les colis direct au point relais!!!!",3,enriched,delivery,neutre,absent,neutre,absent
en_0770650,en,"Diffuser is bad and can not view the screen clearly.

I'm returning this camera because the diffuser is out and I'm not able to see the screen clearly. I've decided against a replacement as I have found more issues with this camera. I really didn't expect a lot from such a low-priced camera but, I would expect it to be of better build quality. I suspect that the camera is Interpolated 4K and not true 4K. I have a 4K laptop and I couldn't get the video to display in true 4K. Save yourself some headaches and put another 30 bucks with this price and get a better camera.",1,enriched,price,négatif,neutre,absent,absent
en_0818449,en,".

Unit was defective . One motor did not work and no camera feed . Sent back. Will re order hopefully have better luck with the next one. Update Will not reorder . They have had my return since wednesday it is now sunday and seller has not processed my return .",1,enriched,service,négatif,absent,absent,négatif
fr_0149372,fr,"Sans plus

Pas terrible !!! Je m'attendais à mieux mais bon pour le prix fallait pas s'attendre à une merveille. L'effet chauffant est inexistant pour moi.",1,enriched,price,absent,neutre,absent,absent
fr_0407060,fr,"Lit qualité prix très correct

Lit arrivé en deux fois. Un paquet le vendredi et l'autre un lundi... Du lit, rien a redire, vu le prix il est plus que correct, par contre cette odeur chimique qui ne part pas est très gênante.",2,enriched,price,neutre,positif,absent,absent
fr_0461516,fr,"Probleme de fiabilité et pas de SAV digne d’Amazon produit HS apres un an et non réparable

Attention kindle inutilisable après un an et deux mois d’utilisation. C’est inadmissible et service client mauvais qui après plus de deux semaines sans réponse me propose 15% sur l’achat d’une nouvelle kindle J’ai utilisé la kindle pour lire notament le soir et la nuit sans déranger ma conjointe en allumant la lumière (kindle rétro éclairée). J'étais très satisfait du côté pratique de cette liseuse malheureusement la durée de vie ne mérite pas qu’on l’achète. Il s’agissait d’une kindle reconditionée par Amazon et vendue avec la garantie un an. J’en conclu que ce produit avait déjà eu un problème réparé par Amazon et qu’il retombe en panne après un an. Il y a vraisemblablement des problèmes de fiabilité",2,enriched,service,négatif,absent,absent,négatif
en_0345319,en,"Good product but most arrived broken

I ordered these for classroom use and overall the product was great for that. However, not happy that of the 10 mirrors in the pack, 6 were broken in the corner. Not sure when that happened in the shipment and delivery process, but it is dissapointing.",2,enriched,delivery,négatif,absent,négatif,absent
en_0041934,en,"Use per video demo and they will really help support joints and tendons.

Love these for knees, achilles, and shin support. Definitely watch the short videos on how to apply for various needs. It's rare to have a problem with non-adhering. Remember to round off straight edges with scissors. I've kept it on for 24 hours with no problems, then remove in the bath. Gentler that way if they've been on a day. They don't irritate my sensitive skin either. Buy them monthly on subscribe and save. Won't go without them.",5,enriched,service,positif,absent,absent,absent
en_0210710,en,"Good value

Easy to put on and the stand works great",4,enriched,price,neutre,neutre,absent,absent
en_0910146,en,"Wall plug charger.

Why is it that the charger is USB C to long to charge. Why can it have a regular 5v charger. It looks well built but disappointed about USB charger especially I paid $100.00 dollars. I am contemplating returning it. Hope to hear from seller soon.",2,enriched,service,neutre,négatif,absent,absent
en_0686530,en,"Not bad, not great

It's a rather watchable fan fiction based after Christ's crucifixion and resurrection, a story of love, romance, life, and death that moves along at a nice pace. The acting isn't great but it's not horrible either. I agree with the other reviewer about the gore--it absolutely was not needed and in my opinion makes this much less a family-friendly production. I found myself having to adjust the volume a lot as some scenes were much too loud and others much too quiet. The music was overall enjoyable but some of it was overdone for the scenes it accompanied. Still, it's worth watching, especially if you're just looking for something to accompany needlework or some such.",3,enriched,price,négatif,neutre,absent,absent
fr_0788360,fr,"Bof

Mon badge se détache fréquemment ! Au niveaux des clefs aucun problème . Bref, mauvais rapport qualité / prix .",2,enriched,price,négatif,neutre,absent,absent
fr_0758273,fr,"Jamais reçu le produit.

Jamais reçu, remboursé par Amazon. Le vendeur a demandé 2 mois de délais supplémentaires soit disant bloqué à la douane chinoise.",1,enriched,service,absent,absent,négatif,neutre
en_0912547,en,"Freezes up all the time, no matter what I ...

Freezes up all the time, no matter what I did, even before I installed anything on it the apps that came with it would freeze up. Sent back for a refund, customer service for BLU gets more stars than the product.",1,enriched,service,négatif,absent,absent,positif
en_0893959,en,"Cute, comfy but sole fell off

I'm giving these shoes 3 stars because the shoes fell apart the 2nd time I wore them to work. I work indoors on carpet at a desk. I have wanted to find these shoes for a very long time and I was incredibly disappointed the sole detatched from the shoe. I did give 3 stars for a couple reason...Number 1. The customer service was outstanding! I sent them an email, they asked for pictures, I sent the attached and within 72 hours my money was refunded without having to return the shoes. Number 2. Had they not fallen apart I would have worn them all the time! Super cute and comfortable and the first day I wore they I got tons of compliments.",3,enriched,service,négatif,neutre,absent,neutre
en_0060043,en,"FALSE ADVERTISEMENT

I just received my package today and was expecting a MITCHELL & NESS Brand hat. Instead I received a NEW ERA Brand Hat. This is false advertisement and this is not what I paid for!",2,enriched,delivery,absent,absent,neutre,absent
fr_0628490,fr,"Grande surprise, un achat parfait et pas cher !

Je suis ravi de mon achat, ce presse citron est de très bonne qualité et bcp moins cher que la concurrence. Sans hésitation, je recommande.",5,enriched,price,positif,positif,absent,absent
fr_0498469,fr,"Coffret à bijoux

Conforme à la publicité du vendeur et qui nous donne entière satisfaction. Bonne conception et prix pas trop élevé pour cet objet.",4,enriched,service,positif,positif,absent,absent
en_0175468,en,"Not worth the money

it doesn't stay in place. Not worth the price",2,enriched,price,absent,négatif,absent,absent
en_0589615,en,"Beautiful but Fragile

I bought this acrylic sign for my mom's birthday cake. The sign is designed beautifully, however it is extremely delicate in the thinly cut sections. The product arrived broken at the 'a' in ""Happy"" and the 'y' in ""Birthday"" was completely separated. The laser cut in those areas were extremely thin and did not withstand the the impact from movement within the seller's packaging. Was not able to use it as gluing it didn't work out and there are no refunds/exchanges.",2,enriched,delivery,négatif,absent,négatif,neutre
en_0504517,en,"Don’t buy because you won’t receive!!!

I never even received my product. So I guess I don’t have much of a review other than this seller is sure quick to take your money but not deliver your product...... I’ll just go to Target.",1,enriched,service,absent,neutre,négatif,négatif
en_0351874,en,"It’s really little and not worth the money

It’s one of the few products like this on amazin",3,enriched,price,absent,négatif,absent,absent
en_0426196,en,"Stopped working after about 6 weeks

This worked nicely until it stopped working 6 weeks after I purchased it... about two weeks after the return window with Amazon ended.",2,enriched,service,négatif,absent,absent,absent
en_0309476,en,"Not as pictured

Kay’s is a great low carb/high protein snack, but be careful with this offer. Seems like they can include whatever they have on hand to fill the box. I expected more salty options based on the listing picture and details on the box. They replaced 4 of the 15 bags with something else (duplicates of other sweet varieties already in the box). Bummer. Not eligible for return and no way to alert seller to this issue. Double bummer.",2,enriched,service,absent,absent,absent,absent
fr_0055990,fr,"Emballer serai mieux

J’ai reçu le colis avec 3 jours de retard ça peut arriver, mais recevoir le colis « brut » même pas protéger dans un carton rien, avec l’etiquette D’envoie sur la boîte même dû jouet du coup la boîte est toute abîmée, certainement du au transport, ce qui n’aurai pas été très grave si cela était pour moi mais c’etait Un cadeaux que je comptais offrir et c’est pas très joli avec une boîte abîmée de partous",1,enriched,delivery,positif,absent,négatif,absent
en_0412988,en,"Never recieved

There again another one that was dropped off at the wrong house. It said it received it but no I haven't. Pick on the old people it the new way. Go to the store is my new way .",1,enriched,delivery,absent,absent,neutre,absent
en_0862313,en,"Amazing

Basically it was good verses evil learning that devil can love too. This story has lot of mystery, excitement, action and romance",4,natural,none,positif,absent,absent,absent
fr_0591428,fr,"Conforme à la description.

Article conforme à la description facile a posé. Petit default peut être pour ceux qui utilise l'empreinte pour déverrouiller le téléphone. Caché par la coque j'utilise perso la reconnaissance facial. Vendeur OK",4,enriched,service,positif,absent,absent,neutre
fr_0798661,fr,"Amoire reçu incomplet honteux!!!!

Amazon c'est une catastrophe ,j'ai reçu le produit incomplet,le service client sont des incompétents il faut des heures au telephone pour que le remboursement soit effectué ,avec du hors forfait c'est une honte!!!",1,enriched,service,négatif,absent,négatif,négatif
en_0748636,en,"Cute Campfire Set and Not That Small.

This campfire is so great. It's also not that small, I'm not sure what some of the other reviews were expecting. The logs are about 1ft long each. The kids love setting it up and and rearranging all the rocks and logs and I love the imagination it brings out. Bonus the canvas bag that it comes with to store all the parts makes me SO happy. Well worth the price.",5,enriched,price,positif,positif,absent,absent
fr_0974490,fr,"Livraison très mauvaise

Commander mi-novembre et prévu pour offrir à noël (avec livraison estimée avant noël) et en ce 6 janvier toujours rien reçu, j'ai contactée le vendeur pour plus d'information mais n'est reçu qu'une réponse pas clair, j'espère tout de même finir par recevoir le colis mais je suis très déçu ...",1,enriched,service,absent,absent,négatif,négatif
fr_0906695,fr,"Service Prime au top! Mais pas le bon produit...

Image du produit ne correspond pas au produit livré il manque la jupe d'isolation... Voir image ancien embout cassé et embout livré Donc je suis déçu.MAIS Amazon a remboursé sans exigé le retour du produit ! Bravo Prime !",3,enriched,service,négatif,absent,négatif,positif
fr_0239513,fr,"Nulle, La photo parle d'elle même, dommage qu'il n'y ait pas 0 étoile

Vous regardez la photo jointe, vous comprenez tout de suite que 39/42 normal est beaucoup plus grand que le 39/42 de ce vendeur, impossible à enfiler, c'est 20 euros jetés par la fenêtre, le dialogue avec le vendeur est exclusivement en allemand. fuyez fuyez fuyez.",1,enriched,service,négatif,absent,absent,neutre
en_0610592,en,"One Star

Both of the cups arrived broken.",1,enriched,delivery,négatif,absent,négatif,absent
en_0171819,en,"Did not fit our tables

These did not fit the 6’ tables we had. I double checked the sizing on both the covers and the tables before purchasing and confirmed they matched. Unfortunately, they did not fit, even after two people stretched them as far as they could to get them to wrap around the table. I would return, but Amazon tells me the return window has closed. I do not recommend these.",1,enriched,service,neutre,absent,absent,absent
fr_0512550,fr,"Très bon rapport qualité prix

Très belle montre. Belle finition et à un sacré style",5,enriched,price,positif,positif,absent,absent
fr_0699782,fr,"livraison nickel

Arrive toujours en bon état et vite",5,enriched,delivery,absent,absent,neutre,absent
fr_0883957,fr,"esthétiquement intéressant

Bonjour, en général ce produit est adapté aux porte-clefs que je fait . La couleur est brillant, cela ressort assez bien sans être trop bling bling. Je suis satisfaite de cet achat. Je recommande ce vendeur.",4,enriched,service,positif,absent,absent,positif
fr_0793049,fr,"Arnaque totale

Ce vendeur arnaque totalement ! Il n'envoie pas ce que vous voyez sur la photo, seulement 1 protection en verre est disponible. De mauvaise qualité, elle ne protège pas les bords et elle est beaucoup trop petite ! Passez votre chemin",1,natural,none,négatif,absent,absent,négatif
en_0094964,en,"interesting but not what I was looking for

I received a slightly tilted item. I thought this is how it was designed. It was better to hold like that as well, but later I saw that the main shaft is bent/damaged, and that's why there was the tilt. Also the material of the umbrella is not the best one. It should be water repellent or resistant, but it seemed like it was getting wet.",4,enriched,delivery,neutre,absent,neutre,absent
fr_0682075,fr,"Article jamais reçu

J'ai commandé 2 matelas que je n'ai jamais reçu. Le transporteur (Chronopost) sans raison apparente, a décidé de retourner l'article parce qu'il ne souhaitait pas livré à domicile. 25€ pour une non livraison.... changement de transporteur nécessaire ? Impossible de noter l'article",1,enriched,delivery,absent,absent,négatif,absent
fr_0200354,fr,"joli coffret

le colis a été livrer en temps et en heure merci tres joli coffret ma fille est ravie je recommande ce vendeur",5,enriched,service,positif,absent,positif,positif
fr_0385067,fr,"Mauvaise taille reçue

J’ai commandé un S et j’ai reçu un M. Et la taille M est plutôt une taille XL...! Donc je n’en peux rien en faire. C’est la deuxième fois que je reçois un article avec la mauvaise taille, je ne recommenderais plus",1,enriched,delivery,neutre,absent,négatif,absent
en_0927637,en,"Chair ripped after just a few months

The fabric on the arm of this chair ripped after just a few months. The seller said they would send a replacement. I've reached out to them twice and while they said they would replace it, I haven't gotten the replacement.",1,enriched,service,négatif,absent,absent,négatif
en_0146823,en,"Nicely packaged and delivered promptly as promised

Received product but have not been utilized since on our trip begins on 23 February to Australia. Nicely packaged and delivered promptly as promised. I will provide review of the adaptors upon return in April, 2018. Thank you for your service.",4,enriched,service,absent,absent,neutre,absent
en_0153860,en,"Better books available

Poorly written book. The author takes 100-150 pages to write an autobiography of his life. Could have been said in 1-2 pages. He's not famous so I don't know why he thinks anybody would care about his life prior in that much detail. I've never seen that before in an NDE book. I don't know if I believe his NDE. He apparently dies, gets transferred to another hospital, etc. Then after all that comes the NDE, not interwoven in the details as it allegedly happened. It's like it's an afterthought. The way the book was written you think you are buying three separate books: an autobiography, memoir of his medical emergency and then an NDE book. That the book received prior 5-star reviews (and only 5-star reviews up until this point) suggests the possibility the reviews were bought, or biased reviews from friends/family in an effort to support his work. Read other NDE books and you'll see how badly written this book is, not a 5* book by any means.",2,enriched,delivery,absent,absent,neutre,absent
fr_0036744,fr,"Pas contente

La boite est arrivée très endommagée. De plus, elle sent le renfermé à croire qu'elle a pris l'eau... Je ne rachèterai plus chez ce vendeur",1,enriched,service,absent,absent,négatif,négatif
fr_0742409,fr,"Imposible d'évaluer le produit.

Produit pas encore reçu, pourtant identifié comme livré. A suivre. Décidément le transport!! et désolé pour le vendeur!",1,enriched,service,neutre,absent,négatif,neutre
fr_0426501,fr,"Pour ma part défectueux

Je ne peux pas juger l’écran à reboot mon iPhone 7 la qualité avait l’air bonne l’emballage niquel mais j’ai renvoyé l’article et ai commandé un autre écran 2 fois moins cher chez un concurrent qui fonctionne parfaitement",2,enriched,price,positif,positif,neutre,absent
fr_0526458,fr,"Très mauvais emballage. Dommage.

Je n'ai pas encore testé la montre mais je suis très déçu de l'embalage . J'avais a peine retiré mon colis de ma boite aux lettres que la montre tombait du carton tellement celui ci était très mal adapté !!!",2,enriched,delivery,absent,absent,neutre,absent
en_0027888,en,"Kids are fascinated

It works just fine, but a ball came off during shipping. Hot glued it back on, then had another one fall off. Haven't had the chance to glue it back on, but still have it. My students are fascinated by it.",4,enriched,delivery,neutre,absent,neutre,absent
fr_0304142,fr,"je souhaite modifier ma décision

bonjour, je vais accepter l'offre du vendeur, à savoir le remboursement de 30 % sur le produit que j'ai reçu, merci par avance, cordiales salutations, MR",1,enriched,service,neutre,absent,neutre,positif
fr_0480622,fr,"qualité mediocre

le support est arrivé KC , qualité vraiment médiocre , je n'ai pas pu renvoyer le support car j'ai jeter l'emballage avant de voir que celui-ci était KC ( au niveau du blocage de l'extension ) je ne recommande pas .",1,enriched,delivery,négatif,absent,neutre,absent
fr_0912152,fr,"ne fontionne pas

il accepte le nominal de 12 volts mais n'envoie pas de tension pour charger les batteries et n'envoie aucune tension pour l'utilisation directe, c'est frustrant il a fonctionné 4 heures et depuis plus rien. je deconseille l'achat de ce produit peu fiable et le vendeur quelle deception",1,enriched,service,négatif,absent,absent,absent
en_0552326,en,"Poor packaging and no return policy

So I bought this and it arrived quickly. To say I am disappointed in the packaging, is an understatement. When I opened the undamaged box immediately I could smell something. I picked up the package out of the box and noticed it felt slightly damp. Looking closer I noticed the bottle was not completely full....it is down about an 1 inch or so. The inside of the package the bottle came in, contains some of the missing liquid. I am NOT happy especially about the inability to return or exchange it for a full undamaged bottle. I will not purchase from this seller again. Not sure about the product....it may need thrown out.",3,enriched,service,absent,absent,négatif,négatif
fr_0987860,fr,"Nul jamais reçu

Nul jamais reçu, le suivi indique: Le colis a été laissé dans la boîte aux lettres, ma boite au lettre est beaucoup trop petite. Vous allez vous foutre de la gueule du monde longtemps???",1,enriched,delivery,absent,absent,négatif,absent
en_0242798,en,"I have zero regrets and it is one of the best furniture purchases I've made

Have had the sofa for about eight months now. I based the decision to buy this product on the overwhelming positive ratings, price and the product itself. So I will provide my positive comment as well. If it's at your price point, will be used regularly, be subjected to a normal level of abuse, it's the color and size needed then BUY IT. I have zero regrets and it is one of the best furniture purchases I've made. And the fabric does look and feel like leather. Five stars.",5,enriched,price,neutre,neutre,absent,absent
fr_0506955,fr,"Mon fils est aux anges !

Montre Lego très sympa ! De bonne qualité! Mon fils en rêvait ! Produit sympa et fin ! Mon fils peut l'adapter a la taille de son poignet il est ravit ! Comme tout ce qui est lego un peu cher pour ce que c'est ! Je recommande !",4,enriched,price,positif,neutre,absent,absent
en_0829915,en,"Too small for the price

Way smaller than I expected. Returned.",2,enriched,price,négatif,positif,absent,absent
en_0391522,en,"STAY AWAY you won’t receive anything, not even a reply.

Did not receive the weights and after repeated attempts to contact seller with no response I’m writing this review to tell you STAY AWAY. After looking around their price is not that good, try Target instead at least you’ll get the items you bought.",1,enriched,service,absent,négatif,négatif,négatif
fr_0123567,fr,"Bien un peu large

Enfait Il est arrivé un peu enroulé j'ai du le mettre sur une tête a perruque pourqu'elle prenne forme bon j'imagine que c'est le résultat mais comme c'est large ça fait bizarre un peu mais c'est beau je pense que pour livrer le vendeur devrait mettre dans un plus gros paquet emballage parceque c'était écrasé et rouler",3,enriched,delivery,positif,absent,neutre,absent
en_0814382,en,"Rusty?!?!

We got this as a gift for our children. It was very easy to put together, although I suggest supporting the player's bases from underneath while you push them in. My son was SO EXCITED to play it.... and noticed the vast majority of metal poles are RUSTY! EWWWW. My son said, whatever we touch the rubber knobs. He is loving playing with it. But still, that's unacceptable. I contacted customer service and left a message..... I'll updated my review if they respond.",2,enriched,service,négatif,absent,absent,absent
en_0225354,en,"I’d buy again if I ever needed another analog RCA

Good quality as far as I can tell. I used two of them to connect satellite speakers to my Vizio 5.1 soundbar. They fit VERY snug, and arrived in a bag within a box with a piece of Velcro included.",4,enriched,delivery,positif,absent,neutre,absent
fr_0134897,fr,"Coût trop important

Prix trop excessif par rapport au manque de qualité de l'appareil.",4,natural,none,neutre,neutre,absent,absent
en_0237721,en,"It fits good and seller followed through with promt

The cover is very thin. It offers little protection other than keeping dust off of the car. It fits good and seller followed through with promt delivery",3,enriched,service,négatif,absent,positif,positif
en_0958545,en,"not as good as it should be

camera does not work hard to get amazon to call back or let me return",3,enriched,service,négatif,absent,absent,négatif
en_0448566,en,"Smaller than expected

Cheap locks/latches pieces broken upon arrival, super soft wood and smaller than expected.... Instructions not very helpful had to guess on hinges on nest section. Would have returned it but the 2hrs worth of work to assemble it I have to try and use it, not sure it will hold 4 hens, maybe better for 2 hens or a rabbit",1,enriched,price,négatif,neutre,absent,absent
fr_0357738,fr,"Service client pitoyable

Service client pitoyable : après avoir refusé la livraison de ma commande afin qu'elle me soit remboursé ( comme le service client me l'avait conseillé) j'attend toujours mon remboursement depuis plus de 3 semaines sans biensur n'avoir aucunes réponses à mes mails ni appels. Un conseil : soyez sûr de vos achats",1,enriched,service,absent,absent,neutre,négatif
en_0220243,en,"Pretty good value

The water squirters lasted a day but I expected as much. The other toys are made pretty well. The price was well worth the hours of fun in the pool! All in all, I would purchase again just for the diving toys and storage bag.",4,enriched,price,absent,positif,absent,absent
fr_0673594,fr,"Bonne protection

Je le recommande tout simplement. Rien a ajouter. L essayer serait l adopter... Lol tout est dit. Le pratique prime sur l esthetique.... Je ne suis pas vendeur amazon.",4,enriched,service,positif,absent,absent,absent
en_0365768,en,"Very cute and arrived super fast! Our family loves being silly and wearing ...

Very cute and arrived super fast! Our family loves being silly and wearing it around the house. Fit is great! Very satisfied!",4,enriched,delivery,positif,absent,positif,absent
fr_0375411,fr,"Ras

Très bon rapport qualité prix",4,enriched,price,neutre,positif,absent,absent
fr_0386975,fr,"bien pour son prix

Cette enceinte fournie un très bon son, en revanche, les branchements à effectuer son très mal pensés. Il faut brancher un fil sur l'écran un autre sur le pc sans compter l'énorme manque de fil. C'est pour cela que je ne lui met que 3 étoiles.",3,enriched,price,absent,neutre,absent,absent
fr_0236334,fr,"Guirlande éphémère...

Si vous souhaitez une guirlande lumineuse solaire à usage unique...cette guirlande est faite pour vous !!! Superbe guirlande avec un prix très attractif mais finalement elle reste encore trop chère pour ne fonctionner que 7 jours!!! Conclusion : ne l'acheté pas",1,enriched,price,neutre,négatif,absent,absent
en_0493116,en,"Damaged package shipped

Damaged item shipped and package also damaged.",1,enriched,delivery,absent,absent,négatif,absent
fr_0967825,fr,"Très bon livre

Écrit simplement, lecture facile. Avec l'auteur, nous avons des points communs sur l'enfance, la façon dont on a vécu, grandit. Par contre je n'ai pas encore sauté en parachute mais c'est prévu. Son évolution, ses échecs et ses réussites m'ont inspiré et motivé pour l'avenir. Je l'admire tellement que j'ai commandé son deuxième livre ""Made in France"". J'ai hâte !",5,natural,none,neutre,absent,absent,absent
en_0996307,en,"Great lights even greater customer support

Great product lights work well. Had a minor issue with one set being noisy but they were prompt to send replacement. Great product with great customer support",5,enriched,service,positif,absent,absent,positif
fr_0179927,fr,"Très bonne idée, marche super bien mais très délicat pour un article bébé

Ma fille de presque 5 mois est très intéressée par la nourriture mais voulant attendre ses 6 mois pour vraiment commencer à lui donner des purées, je lui ai acheté cette tétine pour l’initier aux goûts des aliments. L’idée est ingénieuse et cette tétine est super pratique. Ma fille l’a adopté toute de suite. La mise en main est J’ai pu lui donner de la purée dedans, des morceaux de fruits...son lavage est super simple. Tout ça vaut largement 5 étoiles sauf qu’elle s’est cassée moins de 2 mois après son achat. En mangeant avec et la faisant tomber ( elle était assise sur son transat donc tombée de pas très haut) , la tétine s’est cassée au niveau de la fermeture: à un endroit irréparable. Je suis du coup assez déçue surtout que c’est arrivé pendant les vacances et que j’avais ramené la tétine pour que ma fille puisse profiter des fruits. Je vais essayer de contacter le vendeur pour savoir si je peux échanger que la tétine parce que le rest est intact. Ce serait du gâchis de racheter toute la boîte (surtout que ce n’est pas vraiment donné)",2,enriched,service,négatif,absent,absent,absent
en_0976522,en,"Sturdy canvas bag.

Perfect for beach or pool. Great price and good looking.",4,enriched,price,positif,positif,absent,absent
en_0558799,en,"These are great for the price

These are great for the price . But they are obviously made for Asian women . They are too short & don't stay up . I constantly am pulling them up my arms.",3,enriched,price,absent,positif,absent,absent
fr_0600699,fr,"jamais reçu

J'aurais effectivement aimé vous donner un avis sur ce produit mais ne l'ayant jamais reçu, cela me semble difficile .... le sav d'amazon a fait le nécessaire en me remboursant",1,enriched,service,absent,absent,négatif,positif
en_0640685,en,"SCAM

The seeds are duds. Do not order from this seller.",1,enriched,service,négatif,absent,absent,négatif
fr_0678486,fr,"Pas la meilleure mais pas chère

Convient à mon usage qui n’est sue de protéger ma tablette",4,enriched,price,absent,neutre,absent,absent
en_0309487,en,"Not production quality

This iron is sold as, ""Designed For Continuous Production Soldering"" I got mine in November 2014, it's dead in August 2019. I'm a hobbyist, I have never used the iron more than 3 hours in a day, and usually more like a couple of hours a week. It started making clicking sounds a month or so ago, and now the temperature display is going crazy. I bought it for $140 in 2014, and 5 years of light use is lousy value for that price. The price is now $250. Needless to say, I won't be buying another.",2,enriched,price,neutre,neutre,absent,absent
en_0013159,en,"Didn't have it had the wrong charge cable sent with ...

Didn't have it had the wrong charge cable sent with it seller don't sent replacement charging cable can't change unless I get the correct cable.",2,enriched,service,absent,absent,négatif,négatif
en_0273958,en,"No Bluetooth receiver arrived with the product

Both my original keyboard that was shipped to me and the replacement keyboard both were missing the Bluetooth receiver. It should have been stored in the battery compartment I found this out online at Logitech",2,enriched,delivery,neutre,absent,négatif,absent
fr_0051776,fr,"Sympa vu le prix

Les enfants apprécient et les parents aussi à voir sur le long terme et sa resistance",3,enriched,price,absent,neutre,absent,absent
en_0003950,en,"Not mixed assortment as described

Ordered 2 sets of what should have been mixed flavors (clearly spells out what the different flavors should be in the description). Instead, received one box of 120 Birthday Cake and a second box of 120 Pina Colada.",1,natural,none,neutre,absent,neutre,absent
en_0264369,en,"I have not received this item!

I did not receive this item. It has been stated it was shipped on Tuesday October 16 but I have not received an notification nor the item",1,enriched,delivery,absent,absent,négatif,absent
fr_0395135,fr,"Demande pas pris en compte

Nous avons demandé au vendeur par mail sur les 3 visuelles une priorité pour 2 motifs, on a reçu le 3ème que l'on ne voulais pas...",2,enriched,service,absent,absent,négatif,négatif
fr_0527003,fr,"Super rapide

Super smartphone extrêmement rapide ça change la vie. Sinon capteur d'empreintes légèrement capricieux de temps en temps mais très peu gênant en soit. À ce prix la foncé",5,enriched,price,absent,neutre,absent,absent
en_0458416,en,"Highly Recommended

This is indeed the best customer service I have ever received, and their responses are really quick. Nice product as well. Highly recommended!",5,enriched,service,positif,absent,neutre,positif
en_0384679,en,"Customer Service = A

I had one battery that went bad. Company promptly answered my concern and sent a replacement. I appreciate that very much as Quality is first but Customer Service can resolve minor issues.",4,enriched,service,négatif,absent,absent,positif
fr_0289564,fr,"Attention fragile

Décoration extérieure sous abri, ou entrée, ou patio. Jolies couleurs et jolie forme. Malheureusement très fragile aux soudures. J’ai reçu l’objet avec une patte cassée, donc achat supplémentaire de colle résine pour métal, du coup il n’est pas encore installé. Mieux vaudrait soigner davantage les emballages. Décevant.",2,enriched,delivery,négatif,absent,négatif,absent
en_0955780,en,"Arrived Damaged

Product is represented accurately in pictures. Seller did not provide adequate packing material/wrapping for shipment. Edge of product arrived slightly damaged. Would not purchase from seller again.",2,enriched,service,neutre,absent,négatif,négatif
en_0681882,en,"Had a strong chemical smell....

The mouth piece and tube had a strong chemical smell to it. This product if for infants and children. Amazon should think about where they store products for children and make sure unsealed product (like this one) isn't contaminated! Started the return process and wife threw it away because it was contaminated....now out $20.",1,enriched,service,absent,absent,absent,absent
fr_0374537,fr,"Dommage

Je n'ai rien reçu et le vendeur ne répond pas après plusieurs messages. Il devait être livré le 20 novembre mais nous sommes le 29 novembre et toujours rien et toujours aucune nouvelle du vendeur.",1,enriched,service,absent,absent,négatif,négatif
en_0104482,en,"Not very bright

Bought these to replace Sylvania bulbs that were double price for the basic bulb and these were the same brightness as the ones I replaced. Little disappointed in Phillips. However these are a direct fit replacement and had no issues with installation.",3,enriched,price,négatif,neutre,absent,absent
fr_0762922,fr,"INUTILE

J’avais pensé que ce serait très utile pour caler mes classeurs sur mon étagère et en fait le système est bien trop souple pour les retenir. J’ai essayé de les recycler dans leur utilisation originelle (organisation des piles de vêtements dans les placards), mais c’est également inutile, la largeur de ces équerres est trop étroite et ne couvre qu’un quart de la largeur des étagères de mon placard. En gros inutile et du coup excessivement cher!!!",1,enriched,price,neutre,neutre,absent,absent
en_0209147,en,"Nice watch to have an its affordable

I'm inlove with my watch its a good quality for its price every time I wear it I place it right back in the box wen done",5,enriched,price,positif,positif,absent,absent
en_0671341,en,"Missing sunglass lanyard!.......

I received these and was very happy so far on the clarity and fit/feel. But was very disappointed about not receiving the lanyard that was supposed to have come with it!? Never would have known to notice this but I ordered two of these and one came with it and one without it!",4,enriched,delivery,négatif,absent,négatif,absent
en_0113128,en,"Battery life - break noise

It was generally a good bike until the following: 1- battery life gave me only 5 miles (tried twice in different weather conditions) 2- break noise is so annoying I want to thanks amazon for returning the bike with a full refund, but I really regret returning it, i wish it would worked for me.",3,enriched,service,négatif,absent,absent,positif
fr_0244361,fr,"Blouson moto

Livraison rapide du produit. Par contre, il ne correspond pas tout à fait à la photo du site: dos montré avec une seule pièce de cuir, livré avec 3 pièces, épaulettes trop longues, pressions mal positionnées, manches trop amples et taille approximative(je fais du M et j'ai pris du L comme le conseillaient les autres acheteurs et ça ne tombait pas comme j'aurais voulu). Le retour ainsi que le remboursement ont été très rapides et sans problèmes: vendeur sérieux. Pour le prix, je crois qu'il ne faut pas être trop exigeant.",2,enriched,service,neutre,neutre,positif,positif
en_0429342,en,"All was good!

Got it earlier than the delivery was stated and fast. All was enclosed with packaging and instructions were included. Business card and a thank you note. I did my conversion and almost done. So, far it appears to be doing properly. I contacted seller with question about the yellow ink, but so far pleased.",4,enriched,service,absent,absent,positif,positif
fr_0710951,fr,"protection

bon rapport qualité prix",5,enriched,price,neutre,positif,absent,absent
en_0522295,en,"OK

They are suppose to be rated for 300 lbs each but the wheels splay out when supporting a baby grand... I can lift it so I know it is not over 300 lbs per leg....",3,natural,none,absent,absent,absent,absent
en_0541650,en,"It’s cheap and functional

Base your expectations on what you’re paying or else you’ll be sorely disappointed. The assembled piece looks nice from a distance and is functional. I purchased this to serve a purpose until I can afford to replace it with a more quality piece. For its price, it’s decent. I had almost bought it from another retailer for almost twice as much - thank God I checked Amazon’s price first. For any more than what I paid I would have been upset. The thin veneer came cracked in three pieces, two of them on the front of one of the doors and it’s noticeable. There were also scratches and blemishes on arrival - see photos. The doors themselves have cheap plastic hardware which I’ve already needed to super glue. The feet are more cheap plastic and hideously ugly but fortunately somewhat hidden. I’ll see how long it holds up and try to report back. Update: It’s only been a month and I’m already looking for a replacement. This thing scratches so easily and the dark color means the scratches are super noticeable. One of the shelves is also sagging from the items I put inside, which really weren’t that heavy. It’s truly not meant for more than shoes, I guess.",2,enriched,service,neutre,positif,absent,absent
fr_0056943,fr,"Pas terrible

La taille est convenable la couleur est jolie mais je suis très déçu car il manque de rembourrage et du coup le plastique dur en dessous fait mal aux fesses de l'enfant obligé de mettre une mousse en plus à l'intérieur franchement au vu du prix c'est pas normal",2,enriched,price,négatif,neutre,absent,absent
fr_0174222,fr,"Arnaque

Produit non reçu honteux le vendeur ne répond même pas au mail . A ne pas acheter ! C'est une grosse arnaque.",1,enriched,service,neutre,absent,négatif,négatif
fr_0616478,fr,"Bien mais

Très bon projecteur pour le prix la qualité est top le rendu nikel brancher avec des enceintes ç est bien MAIS on la renvoyer car il fait vraiment trop de bruit le ventilateur est monstrueusement bruyant",3,enriched,price,positif,neutre,absent,absent
fr_0978131,fr,"Ça fonctionne

Produit conforme à la description, livraison rapide. Fonctionne parfaitement.",5,enriched,delivery,positif,absent,positif,absent
fr_0947819,fr,"Bien mais pas de surprise vu le prix

Ventilateur pratique mais pas de grande qualité. Vu le prix je ne m'attendais pas à la lune mais j'espérais quand même plus d'un mois de service !",3,enriched,price,positif,neutre,absent,absent
fr_0754265,fr,"Produit bien reçu mauvais conditionnement

Produit reçu avant la date sauf que le bouchon était dévissé le bouton pression enlever ,l’huile dégouliné de partout après avoir contacté le revendeur un dialogue de sourd s’installe me demandant de lui envoyer une photo du produit. ( ma réponse croyez vous vraiment que je vais laisser le produit dans cette état pendant plusieur jour ) à l’heure d’aujourd’hui aucune solution trouvée. Par contre est-il normal que l’huile sente une odeur assez spéciale .",2,enriched,service,neutre,absent,négatif,négatif
fr_0789477,fr,"Attention arnaque

Le site Amazon devient de plus en plus décevant. Injoignable et ne fond rien pour que les clients soient rembourser. A ne surtout pas commander, arnaque. Je suis en attente de la commande depuis 4 mois. J'ai demander un remboursement que je n'ai jamais reçu à ce jour.",1,enriched,service,absent,absent,négatif,négatif
fr_0951933,fr,"retour

je voulais savoir si vous aviez reçu l'article ""lego star wars "" que je vous avez renvoyé ! merci de me repondre",4,enriched,service,neutre,absent,neutre,neutre
fr_0771499,fr,"écouteur son faible

son pas top assez faible pas d instruction en français impossible d'associer les 2 écouteurs bref je ne recommande pas autonomie 30 minutes à peine",2,natural,none,absent,absent,absent,absent
en_0646876,en,"Wow, best lighting deal on Amazon. These are FANTASTIC!

I paid $99 for these and feel like I got a deal of the century. I just saw them on sale for $69 and at that price it is a true bargain, a rare bargain. These arrived and they are the best lights I have ever bought for under $300. Stands, and quality soft boxes and lights. The power is perfect, balanced for daylight and provide stunning color. I have my more pricey LED panel to my son after these arrived as they do better. They even come with a nice carrying case. 5 Stars all the way.",5,enriched,delivery,positif,neutre,neutre,absent
en_0039974,en,"Quiet and powerful

great price for a great compressor",5,enriched,price,absent,positif,absent,absent
en_0209364,en,"Not always the same paper when you click reorder :|

I bought this paper twice. I used my dash button. The price did increase from the first time I purchased this box of paper. Not an issue there. What I'm pissed off about it that the paper quality is bad... The nicest word I can think of. The paper I received last time was a different weight then what is currently in this box. With the other paper could print on both sides without seeing through to the other side. This paper you can see through, curls and warps. It does not lay flat because of how thin it is. I'm sure this works great for some people. I need it in the classroom and it is distracting for the kids to see the ink from the other side. Now I don't know what I had received the last time. I don't know if that box was a mistake or if this box was the mistake. The packaging on this one matches the description. I have used up the other paper so I don't have any packaging to compare to beyond the ""reorder this item"" feature here on Amazon. To say I'm disappointed is an understatement. I'm very frustrated! I will have to use twice the amount of paper because I can't do the two-sided prints.",1,enriched,delivery,négatif,neutre,neutre,absent
fr_0316141,fr,"Vendeur serieux

Livraison rapide, la photo correspond parfaitement à l'article reçu... seul bémol, des paillettes partout dans l'emballage, sans doute du au transport, vendeur à l'écoute qui a parfaitement gérer mon problème.",4,enriched,delivery,positif,absent,positif,positif
en_0228410,en,"They work as well as similar strips

All these mouth strips are basically the same. This one is a better value since you get more for the money. As far as effectiveness for reducing snoring... mouth strips in my experience are no more or less effective than nose strips. However, they are a little more comfortable and much cheaper. They help a little most of the time but nothing I've tried will stop snoring completely.",4,natural,none,neutre,neutre,absent,absent
fr_0020857,fr,"Pas cher mais pas complet

Ayant commandé ce coffret collector en vue de l'anniversaire de mon fils quelle ne fut pas ma surprise de trouver tout le contenu sauf l'élément principal c'est-à-dire le disque du jeu le boîtier steelbook est vide!!!! Alors que sur l'annonce le jeu Destiny 2 été annoncé et que le reste du carton était parfaitement fermé donc à l'origine le disque n'a jamais été mis dans le coffret collector",1,enriched,price,absent,positif,absent,absent
en_0737774,en,"Nice bang for the buck!

These are a nice inexpensive alternative to those $40 cases from the phone store. Rated the same as my more expensive cover and looks just as nice.",4,enriched,price,absent,neutre,absent,absent
en_0426689,en,"Terrible customer service

Honestly I loved these headphones for swimming I can’t imagine swimming without them. My issue is with their customer service. I understand that electronics and water don’t mix usually so I bought the warranty. Sure enough 2 months after I purchased these headphones they stopped working which is annoying but fine whatever I bought the warranty. I filed my claim with Pyle and they said that they would ship my new pair of headphones. It’s been over two weeks and the item hasn’t even been shipped. I followed up with the customer service 6 times over 2 weeks before they sent me a tracking number and they haven’t even been shipped yet. Headphones should not break within 2 months of purchase but if they do and You have a warranty send the replacement. But I get it sometimes things are out of stock, however I should not have to follow up 6 different times just to get a response. Literally not even a hello or an apology for ignoring my emails they just sent the tracking number like sorry I bothered you for asking you to do your job.",1,enriched,service,positif,absent,absent,négatif
en_0491625,en,"Pleased

Good product. Good price",5,enriched,price,positif,positif,absent,absent
fr_0783268,fr,"Belles figurines

Super produit surtout pour le prix. Mon petit fils était ravi.",5,enriched,price,positif,neutre,absent,absent
en_0745132,en,"Arrived completely broken and amazon couldn’t refund

Items arrived completely smashed in the box. It was full of broken glass and amazon would not give me a refund without sending the broken pieces back. I did not feel comfortable mailing a broken box full of glass and said no, so will receive no refund.",1,enriched,service,négatif,absent,négatif,négatif
en_0382189,en,"loose handle

I really like the design of this knife, and when it arrived, it was sharp and seemed well made. Unfortunately the handle is loose (only slightly but unacceptable). I'm returning it.",2,enriched,delivery,neutre,absent,neutre,absent
fr_0316780,fr,"Si vous n'avez rien d'autre à lire...

Objectivement, c'est un livre ...long - trop bla-bla, limite mièvre - mais l'intrigue est habile car il faut lire au moins 500 pages avant de comprendre qui est le méchant. J'avais lu un autre livre de cet auteur, bien plus efficace et mieux ficelé avec des personnages plus attachants. Je mets deux étoiles pour la densité et le temps de lecture... Mais sur le fond, ça ne vaut pas grand'chose. Très déçu. Heureusement pas cher à l'achat.",2,enriched,price,négatif,positif,absent,absent
fr_0054273,fr,"produit et livraison

les produits livrés sont parfaits je n'ai à ce sujet aucun commentaire à faire, sinon continuez comme cela, quant à la livraison, il y a beaucoup à dire et c'est bien dommage, je n'avais jamais eu de problèmes avec TNT, mais aujourd'hui très en colère, la livraison a été effectuée sans aucun respect du contenu des colis, il y en avait trois, sans contrôler s'il y avait quelqu'un à la maison, et nous étions présents mon époux et moi, puisque nous avons vu le camion arrêté devant chez nous, mais au lieu de nous apporter les paquets, le livreur les a passés par-dessus la porte, haute de 1m60 si vous appelez ça du travail bien fait, c'est que vous n'êtes pas très difficile, toujours est-il qu'heureusement rien ne cassait, et cela ne m'étonne plus lorsque l'on reçoit des pots de moutarde cassés et non pris en charge pour le remboursement, c'est d'ailleurs pour cela que je ne commande plus aucun produit fragile.",4,enriched,delivery,négatif,absent,négatif,neutre
en_0596546,en,"Frustrating to assemble

First of all, this bed was the most frustrating thing I have ever had to put together. I literally wanted to take it and throw out the window. I followed the instructions and could not get the slats in properly. They kept on popping out before I could get the other rail attached. I even called a friend to come help me as this is not a one person job. She wanted to put it back in the box and return it. The only saving grace was a YouTube video I found. The only way I was able to get the slats in and that they stayed was with this video not even the same product, but hey I got it put together. Overall, I would never recommend this bed unless it's fully assembled. It's cute and that's it.",2,enriched,service,négatif,absent,absent,absent
fr_0621041,fr,"problème d'augmentation de prix presque toutes les semaines, fin de mes achats chez ce vendeur

Produit conforme à la description, déjà utilisé, prix très correct pour la qualité du produit.Envoi rapide, je recommande ce vendeur Les prix de ce vendeur augmentent rapidement, je n'achèterai plus",4,enriched,service,positif,négatif,positif,positif
en_0178702,en,"Wrong fragrance.

I revive other fragrance. One that I hate. As I don’t live at the states and shipping to Brazil is expensive, I couldn't returned because it arrive the same day my departure fly. I learn that sellers aren't trustful and can't left the shipping day for last moment.",1,enriched,delivery,absent,neutre,neutre,absent
fr_0519194,fr,"Faible qualité

Produit reçu très vite et l'image correspond bien au produit, mais la qualité ne vaut pas le prix...",3,enriched,price,neutre,négatif,positif,absent
en_0549746,en,"Wonderful customer service

When I received my original order the infuser pitcher was missing its lid. When I contacted the company they very quickly shipped out a new pitcher; no questions asked. Customer service has been outstanding with this company.",5,enriched,service,absent,absent,négatif,positif
fr_0016576,fr,"pas reçu 6 semaines après la commande !!!

pas reçu 6 semaines après la commande !!!",1,enriched,delivery,absent,absent,négatif,absent
en_0191437,en,"Good price, but dogs desensitize to the sound

Easy to set up and install, good price, small and not and eyesore. We bought it to deter our neighbor dogs from barking so much. It worked the first day, but the dogs have gotten used to it and now it seems to only deter them briefly on the first day when we change the batteries (every 2 weeks).",2,enriched,price,neutre,positif,absent,absent
fr_0122554,fr,"100 élastiques ou pas

Commande de 100 élastiques, il en manque 4... Je me doutais qu'avec autant d'élastiques il en manquerait forcément quelques uns... Le vendeur doit penser qu'on ne le verra pas ;)",4,enriched,service,absent,absent,négatif,négatif
fr_0528371,fr,"Ne pas traiter avec ce vendeur !!!!!!

Comment voulez-vous que j’évalue un produit que je n’ai pas reçu et que vous m’avez de ce fait remboursé Un peu de sérieux dans vos démarches s’il vous plaît",1,enriched,service,absent,absent,négatif,neutre
fr_0599671,fr,"Rapport qualité/prix imbattable

Particulièrement satisfait du rapport qualité/prix. Comparées à une autre marque. Montage facile sur une Citroën C4 de 2010, l’éclairage est vraiment bon",5,enriched,price,positif,positif,absent,absent
en_0078661,en,"Too noisey to sleep next to, last half as long as stated

Im very satisfied with Amazon’s customer service but the product not so much. The fan has one speed, so if its on low or high output the fan is louder then every other humidifier Ive owned. Full tank of water lasts about 9 hours on 75% setting. Try another brand, fyi....the seller I bought from was “prime” but will not take returns :( smh",2,enriched,service,négatif,absent,absent,positif
en_0736067,en,"Five Stars

Best customer service ever. Very friendly/ flexible and helpful, will for sure buy from this seller again",5,natural,none,absent,absent,absent,positif
en_0822691,en,"One Star

Stainless steel rack did not fit housing unit, contacted supplier, but got no response.",1,enriched,service,négatif,absent,absent,négatif
fr_0313597,fr,"Mecontentement

Après 2 essais de ce produit qui ont casses tous les deux au bout de 2 jours j'attend toujours le remboursement d'Amazon qui n'arrive toujours pas Attention il semble qu' amazon ne rembourse pas!!!!!!",1,enriched,service,négatif,absent,absent,négatif
fr_0859821,fr,"Decu !

Ce n'est pas mon premier doogee je pensais ne pas être déçu du rapport qualité prix mais la je suis extrêmement déçu niveaux batterie qui ne tiens pas plus de 8 h et de plus il s'eteind 4-5 fois pas jour tout seul ... Je ne recommande pas ce modèle ci !",1,enriched,price,négatif,neutre,absent,absent
fr_0314697,fr,"Gaufres épaisses, croustillantes et moelleuses comme à la fête foraine

Les gaufres sont magnifiquement épaisses et légères comme à la fête foraine. Très très bon rapport qualité prix. Juste un peu triste car il est cassé parce que je l'ai fais tombé.",5,enriched,price,neutre,positif,absent,absent
en_0629948,en,"Warm gloves

These gloves are nice and warm. They also provide a good grip to hold on to your ski poles. It comes with a small zipper compartment that I have not had much use for, but could be used for storing coins or IDs. Running under tap water they seem to be waterproof but I have not tested them outside yet. Overall, worth the price.",5,enriched,price,positif,positif,absent,absent
en_0499186,en,"First tupperware i unwrapped was chipped on the corner w/ the glass inside. EDIT -Replacement-

The first Tupperware that I unwrapped. It had a piece of glass in it already and it was because the top part was chipped. Can I get this replaced? The glass quality looks nice, but i'm sad that i won't be able to use this one for my meal prep as i don't know if more of it will continue to fall off. Edit: customer service was phenomenal and they even sent me a replacement. I really glass Tupperware, and i will say that this one is surely a keeper. The lids could be more flexible, but overall. great product!",4,enriched,service,négatif,absent,absent,positif
en_0309041,en,"Do not buy from this seller - ripoff

I was to receive a pack of 6 instead I received only 1 so I spent $10 for 1 pack. What a ripoff",1,enriched,service,absent,absent,négatif,négatif
en_0105773,en,"TERRIBLE PRODUCT & CUSTOMER SERVICE

Bought this for a 2017 Ford F-350. Terrible product. Followed instructions exactly. Vent shades do not sit correctly so that when you put your window up it keeps going back down. Returned them and the company Auto Truck Toys only refunded 50% for a restocking fee. Product doesnt work but you have to pay for the terrible design. DO NOT BUY THIS PRODUCT OR FROM THIS COMPANY. You would be just giving away your money. I give this product and company NO STARS. I had give it a star otherwise it wouldn't allow me to submit",1,enriched,service,négatif,neutre,absent,négatif
fr_0755281,fr,"HS au bout de 7 mois

déçu par la durée de vie de ce produit. A NOTER : vendeur a proposé échange. Réception du nouveau produit OK.",4,enriched,service,négatif,absent,absent,positif
fr_0658237,fr,"Pas satisfaite, espère que le vendeur va intervenir !!

Je suis très très déçue !! ... pierre du milieu pas de la même couleur (1 claire, 1 plus foncé) et en plus Mat et non brillant comme sur la photo !! En plus PAS de cabochons pour fermer la BO et une tige tordue ... si le vendeur ne fait rien .... On verra !!! Mais pour l'instant je ne le recommande pas. Cordialement",1,enriched,service,négatif,absent,absent,neutre
fr_0707120,fr,"Produit conforme

Ce petit coussin est vraiment agréable, il correspond tout à fait à ce que j'attendais. C'est vraiment très qu'il est pensé à mettre un gonfleur, c' est vraiment un plus. Tout ceci a un prix très correct. Parfait, je vous le recommande.",4,enriched,price,positif,positif,absent,absent
fr_0954605,fr,"Etait ouvert et a fuit

Je viens de recevoir l'huile essentielle et elle a fuit : elle etait mal fermé. J'attend un retour du vendeur avant d’augmenter le nombre d'etoile. En meme temps je vais la tester car je suis une habituée des HE.",2,enriched,service,absent,absent,négatif,neutre
en_0724357,en,"Five Stars

Package arrived on time and it’s just right! Worth ordering!",5,enriched,delivery,absent,neutre,positif,absent
fr_0701534,fr,"Conforme et livraison rapide

Aucun soucis produit conforme à la description, livraison très rapide (plus tôt que prévue) Vendeur sérieux je recommande sans hésitation.",5,enriched,service,positif,absent,positif,positif
en_0142890,en,"Great alternative to energy drinks

I was looking for a natural, energy support for my teen gymnast and came across this product. He really likes it and said he didn’t get the jitters like the energy drinks he had in the past. He doesn’t take this product daily but when he does he says he has increased energy and focus that helps his gymnastics. I am a repeat customer!",5,enriched,service,positif,absent,absent,absent
en_0749757,en,"Received this product and it is defective. There appears ...

Received this product and it is defective. There appears to be no ink in any of the 5 highlighters as the tips are clear, and when you try to highlight a word the ink comes out clear on the page. I attempted to get a replacement but Amazon advised that this was a third party seller, so I had to get a refund instead.",1,enriched,service,négatif,absent,neutre,neutre
fr_0788199,fr,"Pratique et peu cher

L'avantage est que l'on peut charger plusieurs manettes en même temps. Le bouton on à l'arrière est un plus.",4,enriched,price,positif,neutre,absent,absent
fr_0151903,fr,"Attention très fragile

Au bout de 5 mois de cours il est cassé. Pas du tout adapté au transport d’affaires scolaire, même pour une étudiante très soigneuse.",2,enriched,delivery,négatif,absent,absent,absent
en_0707885,en,"Great product, great price

Product was shipped on time. I used it for ratchet wrenches fit snug at first and loosened up a little. Only thing I'd like to see on this would be rings in the top corners so you could hand on a peg board.",4,enriched,price,positif,positif,absent,absent
en_0142340,en,"Very unsafe for dog, very destructible, in days

I just received this dog toy 5 days ago. It posed a very serious risk to my dog. The bristle part of this toy literally shredded in his mouth and the toy became embedded in his gums, with blood oozing all over carpet. It had to be manually dislodged from his mouth. I vacuumed up loose bristles. I am concerned that he swallowed the sharp bristles.",1,enriched,delivery,neutre,absent,neutre,absent
fr_0400801,fr,"Très bien

Très vite livré pile pareil que chez le bijoutier moins cher à voir dans le temps les autres c était un an",5,enriched,price,absent,positif,neutre,absent
en_0419258,en,"Missing in Action

Never arrived from seller.",1,enriched,delivery,absent,absent,négatif,absent
fr_0235403,fr,"Camera

livraison rapide ， petit est fonctionne bien. Installation facile et qualité d’image parfait",5,enriched,delivery,positif,absent,positif,absent
fr_0710718,fr,"Nickel

Super, Livraison dans le délai et bon rapport qualité prix.",5,enriched,price,neutre,positif,neutre,absent
en_0306156,en,"Got what I paid for... I hope.

The charms are so cheap looking. But I just wanted the chain. I broke off the charms. Their rings were easy to cut. They didn't feel like metal. But the chain looks and feels good. I hope it holds together when I load it with my own personal charms.",3,enriched,price,négatif,neutre,absent,absent
fr_0598449,fr,"Boîte arrivée abimée à 2 reprises!

le colis a été réceptionné une 1ere fois cassé. Il m'a de suite été renvoyé... à nouveau cassé. Je le transmets au vendeur qui me demande de repayer pour un envoi de la chine. Très déçue car j'avais commandé chez ce vendeur pour avoir la boîte de rangement, que finalement je n’ai pas!!!! et pour l'avoir je dois repayer alors que s'ils avaient envoyé le colis dans un bon emballage il serait arrivé sans être endommagé!",2,enriched,service,absent,absent,négatif,négatif
fr_0737216,fr,"lunette protection anti lumière bleue

bonne finition, efficace , permet de travailler face à l'écran sans fatigue visuelle, même après une conjonctivite. la paire de lunettes est d'une bonne qualité et la finition est conforme aux attentes . prix imbattable.",4,enriched,price,positif,positif,absent,absent
en_0290341,en,"Small

Overall the product was smaller than I expected and therefore I paid more for it than I would have had I seen it in person before purchasing...I think around $15 Max is a more reasonable price for this. But my kids love to build stuff! So hopefully it will be worth every penny in the long run. And they are NOT as small as Legos so less pain on your feet ;)",4,enriched,price,positif,négatif,absent,absent
en_0243727,en,"Brightness and limited controls.

The product lights aren’t very bright. I would not recommend this product to anyone. Cheap junk that needs to be removed from Amazon.",1,enriched,price,négatif,neutre,absent,absent
en_0033192,en,"Display stopped working

The clock radio was great at first but the display has stopped working after a month and a half of use. I'd be happy to change my review if the company can fix this or send a replacement. I haven't been able to contact them yet.",2,enriched,service,négatif,absent,absent,absent
fr_0132971,fr,"Babyphone

Reçu rapidement et conforme à l'image. Je cherchais un babyphone pour les grands parents et celui-là est parfait. La qualité d'image est top ainsi que le son. On peut parler et y envoyer de la musique. Niveau qualité prix je recommande sans hésiter.",5,enriched,price,positif,neutre,positif,absent
en_0270795,en,"Great buy!

I like it. Very durable and dependable for the price.",3,enriched,price,positif,positif,absent,absent
fr_0101006,fr,"Pas de NFC - Erreur dans le descriptif

J'ai acheté ce téléphone pour remplacer mon Galaxy S4 Mini. Bien recu dans les délais etc etc. Superbe téléphone MAIS manque la connectivité NFC dont j'ai absolument besoin. La connectivité NFC est listé dans le déscriptif - erreur de la part du vendeur. Echange Chat avec tech support Amazon excellente. Seul solution, retour immediat. Je suis décu par rapport au téléphone mais content du service d'Amazon.",2,enriched,service,négatif,absent,positif,positif
en_0592902,en,"Quality sight great Circle/Dot, Crosshair optics

This sight is better then I expected, Took to the range on an AR-15 9mm pistol and after 170 rounds it was still holding true to center. The seller was very responsive to questions I had about other applications. I will be looking for more really great products from this seller. You can't go wrong getting this sight.",5,natural,none,positif,absent,absent,positif
en_0765094,en,"Would love to use, but can't!

I gave this mascara 2 stars, because I would love to use it; although I cannot. The wand is in very poor condition, the brush fibers are falling off and are crushed. For $28 I am very, very disappointed. It did not appear in great, new condition when it arrived.",2,enriched,delivery,absent,absent,neutre,absent
fr_0200438,fr,"ne fonctionne pas correctement mais commerçant

J'ai monté l'écran mais il ne fonctionne pas correctement. L'écran ne répond pas aux sollicitations rapidement et bloque pour éteindre. Déçu mais le vendeur a été commerçant en me proposant le remboursement que j'ai accepté.",2,natural,none,négatif,absent,absent,positif
en_0296262,en,"satisfaction

It did not meet my expectations but I did however receive a great customer support experience therefore I’m giving it 4 stars.",4,enriched,service,négatif,absent,absent,positif
en_0710853,en,"Good value for the money

These were fabulously not bad! As others voiced they didn’t have a bad odor which was welcome. Get busy with your scissors and make ‘em fit!",4,enriched,price,négatif,neutre,absent,absent
en_0295014,en,"Very stiff, doesn’t form into wine bottles well.

The plastic is very stiff, taking away the ability to form a decent seal. Only some of the wine stoppers are useful. My husband and I sealed several bottles of wine and the next day all the air was back in the bottle. Don’t use this product on an expensive bottle of wine. The rubber needs flexibility.",1,enriched,price,absent,neutre,absent,absent
fr_0483287,fr,"incomplet

reçu ce jour avec une pièce manquante. il n'y a pas de reine noire dans mon colis j'espère que le service client vas régler le problème.",2,enriched,service,absent,absent,négatif,neutre
fr_0218990,fr,"Problème de livraison

Jamais arrivé dans ma boîte aux lettres.amazon m'a donc remboursée.dommage.je dois donc repasser commande.",1,enriched,service,absent,absent,négatif,positif
en_0610893,en,"Absolutely Delicious!

Fantastic! A new favorite with my family, and my friends!",5,natural,none,absent,absent,absent,absent
fr_0888136,fr,"terrible

le commande n'arrive pas, le vendeur ne repondre pas aux emails, toute etait terrible.",1,enriched,service,absent,absent,négatif,négatif
fr_0183215,fr,"Commande non reçue

Le colis s'est perdu mais j'ai eu droit à un remboursement du vendeur.",2,enriched,service,absent,absent,négatif,positif
en_0416941,en,"Good phone over and good

Good phone over and good price",5,enriched,price,absent,positif,absent,absent
fr_0914747,fr,"dvd ok

Promesse non tenue pour la promo 50 euros pour les premiers 100 euros de DVD. Déjà signalé même pas un appel ou un réponse d'amazon. ne concerne pas le conseiller expéditeur mais la conseillère avant expédition et le conseiller pour la réclamation. ""ne jamais faire confiance à un conseiller""!!!",4,enriched,price,absent,négatif,absent,négatif
en_0196289,en,"Condition Exactly as described

Book was exactly as described by seller. Excellent communication wrt order receipt, order shipped, and tracking number. Great resource for used textbooks as reasonable price.",5,enriched,service,positif,positif,absent,positif
en_0932719,en,"Love all their products.

I love their products & they contacted me ahead of delivery to ask me to check for frozen products. It wasn't but I appreciated the reach out. Now that I opened product it has a weird musty smell so it must have been frozen at one time. Lesson learned open straight away to check because return time frame is closed so in the garbage it goes. Again NOT companies fault.",3,enriched,service,négatif,absent,positif,positif
fr_0173837,fr,"t shirt

petit prix et bonne qualité et jolis coloris toniques je recommande cet achat t shirt idéal pour la mi saison",4,enriched,price,positif,positif,absent,absent
fr_0122030,fr,"Absence du tuyau d'alimentation

Après 2 utilisation, bon état de fonctionnement. Cependant le tuyau de transfert de carburant, présent sur les photos n'est pas fourni. J'ai choisi ce vendeur pour ce motif justement. J'attend le retour de celui ci, pour savoir si c'est une erreur ou si c'est normal. J'ai bien reçu un remboursement de 10€ donc ce vendeur est fiable dans sa gestion des réclamations.",4,enriched,service,neutre,absent,négatif,positif
en_0971959,en,"Blue speckles!

Cartridges make blue and yellow speckles on our copies when we print in color. Seller has not resolved issue.",1,enriched,service,négatif,absent,absent,négatif
fr_0329151,fr,"Vendeur à éviter!!!!

Article jamais reçu. Essai de contacter le vendeur par le biais d'Amazon mais pas de réponse. Vendeur à éviter !!!!",1,enriched,service,absent,absent,négatif,négatif
en_0598971,en,"Sent me PRENATAL PILLS. I’m a man lol

They sent me the wrong product. I tried to return or replace and the policy is no returns. There is no option to even contact the seller. Nordic Naturals better fix this",1,enriched,service,absent,absent,négatif,négatif
en_0091987,en,"Item not delivered

The order says that this item was delivered on Wednesday 19th of December, but is was not. I have not received the item that I ordered and this must be corrected immediately.",1,enriched,delivery,absent,absent,négatif,absent
en_0329348,en,"Came leaking, got oil all over my other item ...

Came leaking, got oil all over my other item. Almost 1/3 of it gone. It’s not a cheap item, so just not please with the condition I received it.",2,enriched,delivery,absent,neutre,négatif,absent
en_0570047,en,"Pump was broken

Pump was broken when I received it.",3,enriched,delivery,négatif,absent,neutre,absent
en_0825976,en,"Not worth it. Didn't worked for me.

Didn't worked. Just using the USB cable. Charger is bad.",1,enriched,price,négatif,négatif,absent,absent
en_0412303,en,"Convenient but strange flavor

I was hoping for something that would be easy to take to work and heat up on the go, but this just didn't really cut it. The flavor is very strange and somewhat rancid. I almost threw it away after the first couple of bites. The only thing positive I can say about it is that it is very convenient and easy to get heated up, but besides that, I don't think it is worth it at all.",2,enriched,price,neutre,neutre,absent,absent
fr_0016322,fr,"Lunettes de soleil vintage

Livrer rapidement et belle paire de lunette femme vintage conforme a la photo Merçi.vendeur serieux je recommande Superbe transaction et choix des couleurs.",4,enriched,service,positif,absent,positif,positif
fr_0140384,fr,"Utile

Reçu en parfaite état et utilisation parfaite, aucun problème constaté. Je conseil l'achat de cette article. Vous pouvez l'acheter les yeux fermés.",5,enriched,delivery,positif,absent,neutre,absent
en_0276422,en,"Ok movie

The story was pretty weak but the action was good.",2,natural,none,négatif,absent,absent,absent
fr_0382553,fr,"Très résistant aux couleurs très tendances

Je suis ravie et surtout rassurée maintenant plus de deux mois d'utilisation plusieurs fois tombée et la tablette n'a rien À savoir que j'ai également installer un film en verre trempé car on achète pas tous les jours un achat de tablette La poignée est très pratique pour le transport et de s'en servir comme position tv Pour le prix lancez vous",4,enriched,price,positif,neutre,absent,absent
fr_0661253,fr,"Appareil reçu incomplet.

A L'ATTENTION Du SAV Le descriptif mentionne deux accessoires :un pour faire chauffer le lait, un autre pour le faire mousser. Je n'en ai reçu qu'un (spirale). Merci d'en faire part au vendeur ou fabricant.",3,enriched,service,absent,absent,négatif,neutre
en_0034775,en,"Lumberjack in your pocket

Had to cut down a tree in my back yard and this did a fantastic job of it and turned the tree into nicely flush cut pieces I’m going to dry out and use as firewood. Keep in mind this wood was not dry and was very much green or still fresh and it even let me cut pieces up to 4 inches in diameter. I recommend this product especially for the price. We shall see if it lasts however.",4,enriched,price,absent,positif,absent,absent
fr_0001355,fr,"Pas de controle

Pile arrivée totalement déchargée ! Après montage, il a fallu démonter avec perte de temps. Testée au voltmètre = 0 V",1,enriched,delivery,absent,absent,absent,absent
en_0856221,en,"Text the seller to make sure you get the item you want and that you are paying for!

I purchased a keyed switch for my later model craftsman garden tractor. The switch worked and replaced the switch that was in my tractor. It arrived quickly. Unfortunately the item I received was different from the photograph.I paid a bit more to get the switch with white painted status symbols on the switch. I’d make sure if you purchase you check out with them what you will actually be receiving.",3,enriched,service,neutre,absent,positif,neutre
fr_0634090,fr,"Ne correspond pas

Ne correspond en rien à la description du produit qui est faite. La moustiquaire est plus petite, il n'y a pas de sac de transport comme indiqué, et de toute façon il serait impossible de la transporter vu qu'il est compliqué de la replier sans l'abimer une fois déballé. Les trou ont ont l'air trop gros pour empêcher le passage des moustiques.",3,enriched,delivery,neutre,absent,absent,absent
